Name,Type,Species,Height,Weight (KG),Abilities,Base Exp.,Growth Rate,HP,Attack,Defense,Sp. Atk,Sp. Def,Speed,Total
Bulbasaur,Grass Poison,Seed Pokémon,0.7,6.9,1. OvergrowChlorophyll (hidden ability),64,Medium Slow,45,49,49,65,65,45,273
Ivysaur,Grass Poison,Seed Pokémon,1,13,1. OvergrowChlorophyll (hidden ability),142,Medium Slow,60,62,63,80,80,60,345
Venusaur,Grass Poison,Seed Pokémon,2.4,155.5,Thick Fat,281,Medium Slow,80,100,123,122,120,80,545
Charmander,Fire,Lizard Pokémon,0.6,8.5,1. BlazeSolar Power (hidden ability),62,Medium Slow,39,52,43,60,50,65,270
Charmeleon,Fire,Flame Pokémon,1.1,19,1. BlazeSolar Power (hidden ability),142,Medium Slow,58,64,58,80,65,80,347
Charizard,Fire Flying,Flame Pokémon,1.7,100.5,Drought,285,Medium Slow,78,104,78,159,115,100,556
Squirtle,Water,Tiny Turtle Pokémon,0.5,9,1. TorrentRain Dish (hidden ability),63,Medium Slow,44,48,65,50,64,43,270
Wartortle,Water,Turtle Pokémon,1,22.5,1. TorrentRain Dish (hidden ability),142,Medium Slow,59,63,80,65,80,58,346
Blastoise,Water,Shellfish Pokémon,1.6,101.1,Mega Launcher,284,Medium Slow,79,103,120,135,115,78,551
Caterpie,Bug,Worm Pokémon,0.3,2.9,1. Shield DustRun Away (hidden ability),39,Medium Fast,45,30,35,20,20,45,150
Metapod,Bug,Cocoon Pokémon,0.7,9.9,1. Shed Skin,72,Medium Fast,50,20,55,25,25,30,155
Butterfree,Bug Flying,Butterfly Pokémon,1.1,32,1. Compound EyesTinted Lens (hidden ability),178,Medium Fast,60,45,50,90,80,70,335
Weedle,Bug Poison,Hairy Bug Pokémon,0.3,3.2,1. Shield DustRun Away (hidden ability),39,Medium Fast,40,35,30,20,20,50,155
Kakuna,Bug Poison,Cocoon Pokémon,0.6,10,1. Shed Skin,72,Medium Fast,45,25,50,25,25,35,160
Beedrill,Bug Poison,Poison Bee Pokémon,1.4,40.5,Adaptability,223,Medium Fast,65,150,40,15,80,145,430
Pidgey,Normal Flying,Tiny Bird Pokémon,0.3,1.8,1. Keen Eye2. Tangled FeetBig Pecks (hidden ability),50,Medium Slow,40,45,40,35,35,56,211
Pidgeotto,Normal Flying,Bird Pokémon,1.1,30,1. Keen Eye2. Tangled FeetBig Pecks (hidden ability),122,Medium Slow,63,60,55,50,50,71,286
Pidgeot,Normal Flying,Bird Pokémon,2.2,50.5,No Guard,261,Medium Slow,83,80,80,135,80,121,496
Rattata,Dark Normal,Mouse Pokémon,0.3,3.8,Gluttony Hustle Thick Fat,51,Medium Fast,30,56,35,25,35,72,223
Raticate,Dark Normal,Mouse Pokémon,0.7,25.5,Gluttony Hustle Thick Fat,145,Medium Fast,75,71,70,40,80,77,338
Spearow,Normal Flying,Tiny Bird Pokémon,0.3,2,1. Keen EyeSniper (hidden ability),52,Medium Fast,40,60,30,31,31,70,222
Fearow,Normal Flying,Beak Pokémon,1.2,38,1. Keen EyeSniper (hidden ability),155,Medium Fast,65,90,65,61,61,100,377
Ekans,Poison,Snake Pokémon,2,6.9,1. Intimidate2. Shed SkinUnnerve (hidden ability),58,Medium Fast,35,60,44,40,54,55,253
Arbok,Poison,Cobra Pokémon,3.5,65,1. Intimidate2. Shed SkinUnnerve (hidden ability),157,Medium Fast,60,95,69,65,79,80,388
Pikachu,Electric,Mouse Pokémon,0.4,6,Static,112,Medium Fast,45,80,50,75,60,120,385
Raichu,Electric Psychic,Mouse Pokémon,0.7,21,Surge Surfer,243,Medium Fast,60,85,50,95,85,110,425
Sandshrew,Ice Steel,Mouse Pokémon,0.7,40,Snow Cloak Slush Rush,60,Medium Fast,50,75,90,10,35,40,250
Sandslash,Ice Steel,Mouse Pokémon,1.2,55,Snow Cloak Slush Rush,158,Medium Fast,75,100,120,25,65,65,375
Clefairy,Fairy,Fairy Pokémon,0.6,7.5,1. Cute Charm2. Magic GuardFriend Guard (hidden ability),113,Fast,70,45,48,60,65,35,253
Clefable,Fairy,Fairy Pokémon,1.3,40,1. Cute Charm2. Magic GuardUnaware (hidden ability),217,Fast,95,70,73,95,90,60,388
Vulpix,Ice,Fox Pokémon,0.6,9.9,Snow Cloak Snow Warning,60,Medium Fast,38,41,40,50,65,65,261
Ninetales,Ice Fairy,Fox Pokémon,1.1,19.9,Snow Cloak Snow Warning,177,Medium Fast,73,67,75,81,100,109,432
Jigglypuff,Normal Fairy,Balloon Pokémon,0.5,5.5,1. Cute Charm2. CompetitiveFriend Guard (hidden ability),95,Fast,115,45,20,45,25,20,155
Wigglytuff,Normal Fairy,Balloon Pokémon,1,12,1. Cute Charm2. CompetitiveFrisk (hidden ability),218,Fast,140,70,45,85,50,45,295
Zubat,Poison Flying,Bat Pokémon,0.8,7.5,1. Inner FocusInfiltrator (hidden ability),49,Medium Fast,40,45,35,30,40,55,205
Golbat,Poison Flying,Bat Pokémon,1.6,55,1. Inner FocusInfiltrator (hidden ability),159,Medium Fast,75,80,70,65,75,90,380
Oddish,Grass Poison,Weed Pokémon,0.5,5.4,1. ChlorophyllRun Away (hidden ability),64,Medium Slow,45,50,55,75,65,30,275
Gloom,Grass Poison,Weed Pokémon,0.8,8.6,1. ChlorophyllStench (hidden ability),138,Medium Slow,60,65,70,85,75,40,335
Vileplume,Grass Poison,Flower Pokémon,1.2,18.6,1. ChlorophyllEffect Spore (hidden ability),221,Medium Slow,75,80,85,110,90,50,415
Paras,Bug Grass,Mushroom Pokémon,0.3,5.4,1. Effect Spore2. Dry SkinDamp (hidden ability),57,Medium Fast,35,70,55,45,55,25,250
Parasect,Bug Grass,Mushroom Pokémon,1,29.5,1. Effect Spore2. Dry SkinDamp (hidden ability),142,Medium Fast,60,95,80,60,80,30,345
Venonat,Bug Poison,Insect Pokémon,1,30,1. Compound Eyes2. Tinted LensRun Away (hidden ability),61,Medium Fast,60,55,50,40,55,45,245
Venomoth,Bug Poison,Poison Moth Pokémon,1.5,12.5,1. Shield Dust2. Tinted LensWonder Skin (hidden ability),158,Medium Fast,70,65,60,90,75,90,380
Diglett,Ground Steel,Mole Pokémon,0.2,1,Sand Veil Tangling Hair Sand Force,53,Medium Fast,10,55,30,35,45,90,255
Dugtrio,Ground Steel,Mole Pokémon,0.7,66.6,Sand Veil Tangling Hair Sand Force,149,Medium Fast,35,100,60,50,70,110,390
Meowth,Steel,Scratch Cat Pokémon,0.4,7.5,Pickup Tough Claws Unnerve,58,Medium Fast,50,65,55,40,40,40,240
Persian,Dark,Classy Cat Pokémon,1.1,33,Fur Coat Technician Rattled,154,Medium Fast,65,60,60,75,65,115,375
Psyduck,Water,Duck Pokémon,0.8,19.6,1. Damp2. Cloud NineSwift Swim (hidden ability),64,Medium Fast,50,52,48,65,50,55,270
Golduck,Water,Duck Pokémon,1.7,76.6,1. Damp2. Cloud NineSwift Swim (hidden ability),175,Medium Fast,80,82,78,95,80,85,420
Mankey,Fighting,Pig Monkey Pokémon,0.5,28,1. Vital Spirit2. Anger PointDefiant (hidden ability),61,Medium Fast,40,80,35,35,45,70,265
Primeape,Fighting,Pig Monkey Pokémon,1,32,1. Vital Spirit2. Anger PointDefiant (hidden ability),159,Medium Fast,65,105,60,60,70,95,390
Growlithe,Fire Rock,Scout Pokémon,0.8,22.7,Intimidate Flash Fire Rock Head,70,Slow,60,75,45,65,50,55,290
Arcanine,Fire Rock,Legendary Pokémon,2,168,Intimidate Flash Fire Rock Head,194,Slow,95,115,80,95,80,90,460
Poliwag,Water,Tadpole Pokémon,0.6,12.4,1. Water Absorb2. DampSwift Swim (hidden ability),60,Medium Slow,40,50,40,40,40,90,260
Poliwhirl,Water,Tadpole Pokémon,1,20,1. Water Absorb2. DampSwift Swim (hidden ability),135,Medium Slow,65,65,65,50,50,90,320
Poliwrath,Water Fighting,Tadpole Pokémon,1.3,54,1. Water Absorb2. DampSwift Swim (hidden ability),230,Medium Slow,90,95,95,70,90,70,420
Abra,Psychic,Psi Pokémon,0.9,19.5,1. Synchronize2. Inner FocusMagic Guard (hidden ability),62,Medium Slow,25,20,15,105,55,90,285
Kadabra,Psychic,Psi Pokémon,1.3,56.5,1. Synchronize2. Inner FocusMagic Guard (hidden ability),140,Medium Slow,40,35,30,120,70,105,360
Alakazam,Psychic,Psi Pokémon,1.2,48,Trace,270,Medium Slow,55,50,65,175,105,150,545
Machop,Fighting,Superpower Pokémon,0.8,19.5,1. Guts2. No GuardSteadfast (hidden ability),61,Medium Slow,70,80,50,35,35,35,235
Machoke,Fighting,Superpower Pokémon,1.5,70.5,1. Guts2. No GuardSteadfast (hidden ability),142,Medium Slow,80,100,70,50,60,45,325
Machamp,Fighting,Superpower Pokémon,1.6,130,1. Guts2. No GuardSteadfast (hidden ability),227,Medium Slow,90,130,80,65,85,55,415
Bellsprout,Grass Poison,Flower Pokémon,0.7,4,1. ChlorophyllGluttony (hidden ability),60,Medium Slow,50,75,35,70,30,40,250
Weepinbell,Grass Poison,Flycatcher Pokémon,1,6.4,1. ChlorophyllGluttony (hidden ability),137,Medium Slow,65,90,50,85,45,55,325
Victreebel,Grass Poison,Flycatcher Pokémon,1.7,15.5,1. ChlorophyllGluttony (hidden ability),221,Medium Slow,80,105,65,100,70,70,410
Tentacool,Water Poison,Jellyfish Pokémon,0.9,45.5,1. Clear Body2. Liquid OozeRain Dish (hidden ability),67,Slow,40,40,35,50,100,70,295
Tentacruel,Water Poison,Jellyfish Pokémon,1.6,55,1. Clear Body2. Liquid OozeRain Dish (hidden ability),180,Slow,80,70,65,80,120,100,435
Geodude,Rock Electric,Rock Pokémon,0.4,20.3,Magnet Pull Sturdy Galvanize,60,Medium Slow,40,80,100,30,30,20,260
Graveler,Rock Electric,Rock Pokémon,1,110,Magnet Pull Sturdy Galvanize,137,Medium Slow,55,95,115,45,45,35,335
Golem,Rock Electric,Megaton Pokémon,1.7,316,Magnet Pull Sturdy Galvanize,223,Medium Slow,80,120,130,55,65,45,415
Ponyta,Psychic,Unique Horn Pokémon,0.8,24,Run Away Pastel Veil Anticipation,82,Medium Fast,50,85,55,65,65,90,360
Rapidash,Psychic Fairy,Unique Horn Pokémon,1.7,80,Run Away Pastel Veil Anticipation,175,Medium Fast,65,100,70,80,80,105,435
Slowpoke,Psychic,Dopey Pokémon,1.2,36,Gluttony Own Tempo Regenerator,63,Medium Fast,90,65,65,40,40,15,225
Slowbro,Poison Psychic,Hermit Crab Pokémon,1.6,70.5,Quick Draw Own Tempo Regenerator,172,Medium Fast,95,100,95,100,70,30,395
Magnemite,Electric Steel,Magnet Pokémon,0.3,6,1. Magnet Pull2. SturdyAnalytic (hidden ability),65,Medium Fast,25,35,70,95,55,45,300
Magneton,Electric Steel,Magnet Pokémon,1,60,1. Magnet Pull2. SturdyAnalytic (hidden ability),163,Medium Fast,50,60,95,120,70,70,415
Farfetch'd,Fighting,Wild Duck Pokémon,0.8,42,Steadfast Scrappy,132,Medium Fast,52,95,55,58,62,55,325
Doduo,Normal Flying,Twin Bird Pokémon,1.4,39.2,1. Run Away2. Early BirdTangled Feet (hidden ability),62,Medium Fast,35,85,45,35,35,75,275
Dodrio,Normal Flying,Triple Bird Pokémon,1.8,85.2,1. Run Away2. Early BirdTangled Feet (hidden ability),165,Medium Fast,60,110,70,60,60,110,410
Seel,Water,Sea Lion Pokémon,1.1,90,1. Thick Fat2. HydrationIce Body (hidden ability),65,Medium Fast,65,45,55,45,70,45,260
Dewgong,Water Ice,Sea Lion Pokémon,1.7,120,1. Thick Fat2. HydrationIce Body (hidden ability),166,Medium Fast,90,70,80,70,95,70,385
Grimer,Poison Dark,Sludge Pokémon,0.7,42,Poison Touch Gluttony Power of Alchemy,65,Medium Fast,80,80,50,40,50,25,245
Muk,Poison Dark,Sludge Pokémon,1,52,Poison Touch Gluttony Power of Alchemy,175,Medium Fast,105,105,75,65,100,50,395
Shellder,Water,Bivalve Pokémon,0.3,4,1. Shell Armor2. Skill LinkOvercoat (hidden ability),61,Slow,30,65,100,45,25,40,275
Cloyster,Water Ice,Bivalve Pokémon,1.5,132.5,1. Shell Armor2. Skill LinkOvercoat (hidden ability),184,Slow,50,95,180,85,45,70,475
Gastly,Ghost Poison,Gas Pokémon,1.3,0.1,1. Levitate,62,Medium Slow,30,35,30,100,35,80,280
Haunter,Ghost Poison,Gas Pokémon,1.6,0.1,1. Levitate,142,Medium Slow,45,50,45,115,55,95,360
Gengar,Ghost Poison,Shadow Pokémon,1.4,40.5,Shadow Tag,270,Medium Slow,60,65,80,170,95,130,540
Onix,Rock Ground,Rock Snake Pokémon,8.8,210,1. Rock Head2. SturdyWeak Armor (hidden ability),77,Medium Fast,35,45,160,30,45,70,350
Drowzee,Psychic,Hypnosis Pokémon,1,32.4,1. Insomnia2. ForewarnInner Focus (hidden ability),66,Medium Fast,60,48,45,43,90,42,268
Hypno,Psychic,Hypnosis Pokémon,1.6,75.6,1. Insomnia2. ForewarnInner Focus (hidden ability),169,Medium Fast,85,73,70,73,115,67,398
Krabby,Water,River Crab Pokémon,0.4,6.5,1. Hyper Cutter2. Shell ArmorSheer Force (hidden ability),65,Medium Fast,30,105,90,25,25,50,295
Kingler,Water,Pincer Pokémon,1.3,60,1. Hyper Cutter2. Shell ArmorSheer Force (hidden ability),166,Medium Fast,55,130,115,50,50,75,420
Voltorb,Electric Grass,Sphere Pokémon,0.5,13,Soundproof Static Aftermath,66,Medium Fast,40,30,50,55,55,100,290
Electrode,Electric Grass,Sphere Pokémon,1.2,71,Soundproof Static Aftermath,172,Medium Fast,60,50,70,80,80,150,430
Exeggcute,Grass Psychic,Egg Pokémon,0.4,2.5,1. ChlorophyllHarvest (hidden ability),65,Slow,60,40,80,60,45,40,265
Exeggutor,Grass Dragon,Coconut Pokémon,10.9,415.6,Frisk Harvest,186,Slow,95,105,85,125,75,45,435
Cubone,Ground,Lonely Pokémon,0.4,6.5,1. Rock Head2. Lightning RodBattle Armor (hidden ability),64,Medium Fast,50,50,95,40,50,35,270
Marowak,Fire Ghost,Bone Keeper Pokémon,1,34,Cursed Body Lightning Rod Rock Head,149,Medium Fast,60,80,110,50,80,45,365
Hitmonlee,Fighting,Kicking Pokémon,1.5,49.8,1. Limber2. RecklessUnburden (hidden ability),159,Medium Fast,50,120,53,35,110,87,405
Hitmonchan,Fighting,Punching Pokémon,1.4,50.2,1. Keen Eye2. Iron FistInner Focus (hidden ability),159,Medium Fast,50,105,79,35,110,76,405
Lickitung,Normal,Licking Pokémon,1.2,65.5,1. Own Tempo2. ObliviousCloud Nine (hidden ability),77,Medium Fast,90,55,75,60,75,30,295
Koffing,Poison,Poison Gas Pokémon,0.6,1,1. Levitate2. Neutralizing GasStench (hidden ability),68,Medium Fast,40,65,95,60,45,35,300
Weezing,Poison Fairy,Poison Gas Pokémon,3,16,Levitate Neutralizing Gas Misty Surge,172,Medium Fast,65,90,120,85,70,60,425
Rhyhorn,Ground Rock,Spikes Pokémon,1,115,1. Lightning Rod2. Rock HeadReckless (hidden ability),69,Slow,80,85,95,30,30,25,265
Rhydon,Ground Rock,Drill Pokémon,1.9,120,1. Lightning Rod2. Rock HeadReckless (hidden ability),170,Slow,105,130,120,45,45,40,380
Chansey,Normal,Egg Pokémon,1.1,34.6,1. Natural Cure2. Serene GraceHealer (hidden ability),395,Fast,250,5,5,35,105,50,200
Tangela,Grass,Vine Pokémon,1,35,1. Chlorophyll2. Leaf GuardRegenerator (hidden ability),87,Medium Fast,65,55,115,100,40,60,370
Kangaskhan,Normal,Parent Pokémon,2.2,100,Parental Bond,207,Medium Fast,105,125,100,60,100,100,485
Horsea,Water,Dragon Pokémon,0.4,8,1. Swift Swim2. SniperDamp (hidden ability),59,Medium Fast,30,40,70,70,25,60,265
Seadra,Water,Dragon Pokémon,1.2,25,1. Poison Point2. SniperDamp (hidden ability),154,Medium Fast,55,65,95,95,45,85,385
Goldeen,Water,Goldfish Pokémon,0.6,15,1. Swift Swim2. Water VeilLightning Rod (hidden ability),64,Medium Fast,45,67,60,35,50,63,275
Seaking,Water,Goldfish Pokémon,1.3,39,1. Swift Swim2. Water VeilLightning Rod (hidden ability),158,Medium Fast,80,92,65,65,80,68,370
Staryu,Water,Star Shape Pokémon,0.8,34.5,1. Illuminate2. Natural CureAnalytic (hidden ability),68,Slow,30,45,55,70,55,85,310
Starmie,Water Psychic,Mysterious Pokémon,1.1,80,1. Illuminate2. Natural CureAnalytic (hidden ability),182,Slow,60,75,85,100,85,115,460
mr-mime,Ice Psychic,Dancing Pokémon,1.4,56.8,Vital Spirit Screen Cleaner Ice Body,161,Medium Fast,50,65,65,90,90,100,410
Scyther,Bug Flying,Mantis Pokémon,1.5,56,1. Swarm2. TechnicianSteadfast (hidden ability),100,Medium Fast,70,110,80,55,80,105,430
Jynx,Ice Psychic,Human Shape Pokémon,1.4,40.6,1. Oblivious2. ForewarnDry Skin (hidden ability),159,Medium Fast,65,50,35,115,95,95,390
Electabuzz,Electric,Electric Pokémon,1.1,30,1. StaticVital Spirit (hidden ability),172,Medium Fast,65,83,57,95,85,105,425
Magmar,Fire,Spitfire Pokémon,1.3,44.5,1. Flame BodyVital Spirit (hidden ability),173,Medium Fast,65,95,57,100,85,93,430
Pinsir,Bug Flying,Stag Beetle Pokémon,1.7,59,Aerilate,210,Slow,65,155,120,65,90,105,535
Tauros,Fighting Water,Wild Bull Pokémon,1.4,110,Intimidate Anger Point Cud Chew,172,Slow,75,110,105,30,70,100,415
Magikarp,Water,Fish Pokémon,0.9,10,1. Swift SwimRattled (hidden ability),40,Slow,20,10,55,15,20,80,180
Gyarados,Water Dark,Atrocious Pokémon,6.5,305,Mold Breaker,224,Slow,95,155,109,70,130,81,545
Lapras,Water Ice,Transport Pokémon,2.5,220,1. Water Absorb2. Shell ArmorHydration (hidden ability),187,Slow,130,85,80,85,95,60,405
Ditto,Normal,Transform Pokémon,0.3,4,1. LimberImposter (hidden ability),101,Medium Fast,48,48,48,48,48,48,240
Eevee,Normal,Evolution Pokémon,0.3,6.5,Run Away Adaptability,65,Medium Fast,65,75,70,65,85,75,370
Vaporeon,Water,Bubble Jet Pokémon,1,29,1. Water AbsorbHydration (hidden ability),184,Medium Fast,130,65,60,110,95,65,395
Jolteon,Electric,Lightning Pokémon,0.8,24.5,1. Volt AbsorbQuick Feet (hidden ability),184,Medium Fast,65,65,60,110,95,130,460
Flareon,Fire,Flame Pokémon,0.9,25,1. Flash FireGuts (hidden ability),184,Medium Fast,65,130,60,95,110,65,460
Porygon,Normal,Virtual Pokémon,0.8,36.5,1. Trace2. DownloadAnalytic (hidden ability),79,Medium Fast,65,60,70,85,75,40,330
Omanyte,Rock Water,Spiral Pokémon,0.4,7.5,1. Swift Swim2. Shell ArmorWeak Armor (hidden ability),71,Medium Fast,35,40,100,90,55,35,320
Omastar,Rock Water,Spiral Pokémon,1,35,1. Swift Swim2. Shell ArmorWeak Armor (hidden ability),173,Medium Fast,70,60,125,115,70,55,425
Kabuto,Rock Water,Shellfish Pokémon,0.5,11.5,1. Swift Swim2. Battle ArmorWeak Armor (hidden ability),71,Medium Fast,30,80,90,55,45,55,325
Kabutops,Rock Water,Shellfish Pokémon,1.3,40.5,1. Swift Swim2. Battle ArmorWeak Armor (hidden ability),173,Medium Fast,60,115,105,65,70,80,435
Aerodactyl,Rock Flying,Fossil Pokémon,2.1,79,Tough Claws,215,Slow,80,135,85,70,95,150,535
Snorlax,Normal,Sleeping Pokémon,2.1,460,1. Immunity2. Thick FatGluttony (hidden ability),189,Slow,160,110,65,65,110,30,380
Articuno,Psychic Flying,Cruel Pokémon,1.7,50.9,Competitive,290,Slow,90,85,85,125,100,95,490
Zapdos,Fighting Flying,Strong Legs Pokémon,1.6,58.2,Defiant,290,Slow,90,125,90,85,90,100,490
Moltres,Dark Flying,Malevolent Pokémon,2,66,Berserk,290,Slow,90,85,90,100,125,90,490
Dratini,Dragon,Dragon Pokémon,1.8,3.3,1. Shed SkinMarvel Scale (hidden ability),60,Slow,41,64,45,50,50,50,259
Dragonair,Dragon,Dragon Pokémon,4,16.5,1. Shed SkinMarvel Scale (hidden ability),147,Slow,61,84,65,70,70,70,359
Dragonite,Dragon Flying,Dragon Pokémon,2.2,210,1. Inner FocusMultiscale (hidden ability),300,Slow,91,134,95,100,100,80,509
Mewtwo,Psychic,Genetic Pokémon,1.5,33,Insomnia,351,Slow,106,150,70,194,120,140,674
Mew,Psychic,New Species Pokémon,0.4,4,1. Synchronize,300,Medium Slow,100,100,100,100,100,100,500
Chikorita,Grass,Leaf Pokémon,0.9,6.4,1. OvergrowLeaf Guard (hidden ability),64,Medium Slow,45,49,65,49,65,45,273
Bayleef,Grass,Leaf Pokémon,1.2,15.8,1. OvergrowLeaf Guard (hidden ability),142,Medium Slow,60,62,80,63,80,60,345
Meganium,Grass,Herb Pokémon,1.8,100.5,1. OvergrowLeaf Guard (hidden ability),236,Medium Slow,80,82,100,83,100,80,445
Cyndaquil,Fire,Fire Mouse Pokémon,0.5,7.9,1. BlazeFlash Fire (hidden ability),62,Medium Slow,39,52,43,60,50,65,270
Quilava,Fire,Volcano Pokémon,0.9,19,1. BlazeFlash Fire (hidden ability),142,Medium Slow,58,64,58,80,65,80,347
Typhlosion,Fire Ghost,Ghost Flame Pokémon,1.6,69.8,Blaze Frisk,267,Medium Slow,73,84,78,119,85,95,461
Totodile,Water,Big Jaw Pokémon,0.6,9.5,1. TorrentSheer Force (hidden ability),63,Medium Slow,50,65,64,44,48,43,264
Croconaw,Water,Big Jaw Pokémon,1.1,25,1. TorrentSheer Force (hidden ability),142,Medium Slow,65,80,80,59,63,58,340
Feraligatr,Water,Big Jaw Pokémon,2.3,88.8,1. TorrentSheer Force (hidden ability),239,Medium Slow,85,105,100,79,83,78,445
Sentret,Normal,Scout Pokémon,0.8,6,1. Run Away2. Keen EyeFrisk (hidden ability),43,Medium Fast,35,46,34,35,45,20,180
Furret,Normal,Long Body Pokémon,1.8,32.5,1. Run Away2. Keen EyeFrisk (hidden ability),145,Medium Fast,85,76,64,45,55,90,330
Hoothoot,Normal Flying,Owl Pokémon,0.7,21.2,1. Insomnia2. Keen EyeTinted Lens (hidden ability),52,Medium Fast,60,30,30,36,56,50,202
Noctowl,Normal Flying,Owl Pokémon,1.6,40.8,1. Insomnia2. Keen EyeTinted Lens (hidden ability),158,Medium Fast,100,50,50,86,96,70,352
Ledyba,Bug Flying,Five Star Pokémon,1,10.8,1. Swarm2. Early BirdRattled (hidden ability),53,Fast,40,20,30,40,80,55,225
Ledian,Bug Flying,Five Star Pokémon,1.4,35.6,1. Swarm2. Early BirdIron Fist (hidden ability),137,Fast,55,35,50,55,110,85,335
Spinarak,Bug Poison,String Spit Pokémon,0.5,8.5,1. Swarm2. InsomniaSniper (hidden ability),50,Fast,40,60,40,40,40,30,210
Ariados,Bug Poison,Long Leg Pokémon,1.1,33.5,1. Swarm2. InsomniaSniper (hidden ability),140,Fast,70,90,70,60,70,40,330
Crobat,Poison Flying,Bat Pokémon,1.8,75,1. Inner FocusInfiltrator (hidden ability),241,Medium Fast,85,90,80,70,80,130,450
Chinchou,Water Electric,Angler Pokémon,0.5,12,1. Volt Absorb2. IlluminateWater Absorb (hidden ability),66,Slow,75,38,38,56,56,67,255
Lanturn,Water Electric,Light Pokémon,1.2,22.5,1. Volt Absorb2. IlluminateWater Absorb (hidden ability),161,Slow,125,58,58,76,76,67,335
Pichu,Electric,Tiny Mouse Pokémon,0.3,2,1. StaticLightning Rod (hidden ability),41,Medium Fast,20,40,15,35,35,60,185
Cleffa,Fairy,Star Shape Pokémon,0.3,3,1. Cute Charm2. Magic GuardFriend Guard (hidden ability),44,Fast,50,25,28,45,55,15,168
Igglybuff,Normal Fairy,Balloon Pokémon,0.3,1,1. Cute Charm2. CompetitiveFriend Guard (hidden ability),42,Fast,90,30,15,40,20,15,120
Togepi,Fairy,Spike Ball Pokémon,0.3,1.5,1. Hustle2. Serene GraceSuper Luck (hidden ability),49,Fast,35,20,65,40,65,20,210
Togetic,Fairy Flying,Happiness Pokémon,0.6,3.2,1. Hustle2. Serene GraceSuper Luck (hidden ability),142,Fast,55,40,85,80,105,40,350
Natu,Psychic Flying,Tiny Bird Pokémon,0.2,2,1. Synchronize2. Early BirdMagic Bounce (hidden ability),64,Medium Fast,40,50,45,70,45,70,280
Xatu,Psychic Flying,Mystic Pokémon,1.5,15,1. Synchronize2. Early BirdMagic Bounce (hidden ability),165,Medium Fast,65,75,70,95,70,95,405
Mareep,Electric,Wool Pokémon,0.6,7.8,1. StaticPlus (hidden ability),56,Medium Slow,55,40,40,65,45,35,225
Flaaffy,Electric,Wool Pokémon,0.8,13.3,1. StaticPlus (hidden ability),128,Medium Slow,70,55,55,80,60,45,295
Ampharos,Electric Dragon,Light Pokémon,1.4,61.5,Mold Breaker,275,Medium Slow,90,95,105,165,110,45,520
Bellossom,Grass,Flower Pokémon,0.4,5.8,1. ChlorophyllHealer (hidden ability),221,Medium Slow,75,80,95,90,100,50,415
Marill,Water Fairy,Aqua Mouse Pokémon,0.4,8.5,1. Thick Fat2. Huge PowerSap Sipper (hidden ability),88,Fast,70,20,50,20,50,40,180
Azumarill,Water Fairy,Aqua Rabbit Pokémon,0.8,28.5,1. Thick Fat2. Huge PowerSap Sipper (hidden ability),210,Fast,100,50,80,60,80,50,320
Sudowoodo,Rock,Imitation Pokémon,1.2,38,1. Sturdy2. Rock HeadRattled (hidden ability),144,Medium Fast,70,100,115,30,65,30,340
Politoed,Water,Frog Pokémon,1.1,33.9,1. Water Absorb2. DampDrizzle (hidden ability),225,Medium Slow,90,75,75,90,100,70,410
Hoppip,Grass Flying,Cottonweed Pokémon,0.4,0.5,1. Chlorophyll2. Leaf GuardInfiltrator (hidden ability),50,Medium Slow,35,35,40,35,55,50,215
Skiploom,Grass Flying,Cottonweed Pokémon,0.6,1,1. Chlorophyll2. Leaf GuardInfiltrator (hidden ability),119,Medium Slow,55,45,50,45,65,80,285
Jumpluff,Grass Flying,Cottonweed Pokémon,0.8,3,1. Chlorophyll2. Leaf GuardInfiltrator (hidden ability),230,Medium Slow,75,55,70,55,95,110,385
Aipom,Normal,Long Tail Pokémon,0.8,11.5,1. Run Away2. PickupSkill Link (hidden ability),72,Fast,55,70,55,40,55,85,305
Sunkern,Grass,Seed Pokémon,0.3,1.8,1. Chlorophyll2. Solar PowerEarly Bird (hidden ability),36,Medium Slow,30,30,30,30,30,30,150
Sunflora,Grass,Sun Pokémon,0.8,8.5,1. Chlorophyll2. Solar PowerEarly Bird (hidden ability),149,Medium Slow,75,75,55,105,85,30,350
Yanma,Bug Flying,Clear Wing Pokémon,1.2,38,1. Speed Boost2. Compound EyesFrisk (hidden ability),78,Medium Fast,65,65,45,75,45,95,325
Wooper,Poison Ground,Poison Fish Pokémon,0.4,11,Poison Point Water Absorb Unaware,42,Medium Fast,55,45,45,25,25,15,155
Quagsire,Water Ground,Water Fish Pokémon,1.4,75,1. Damp2. Water AbsorbUnaware (hidden ability),151,Medium Fast,95,85,85,65,65,35,335
Espeon,Psychic,Sun Pokémon,0.9,26.5,1. SynchronizeMagic Bounce (hidden ability),184,Medium Fast,65,65,60,130,95,110,460
Umbreon,Dark,Moonlight Pokémon,1,27,1. SynchronizeInner Focus (hidden ability),184,Medium Fast,95,65,110,60,130,65,430
Murkrow,Dark Flying,Darkness Pokémon,0.5,2.1,1. Insomnia2. Super LuckPrankster (hidden ability),81,Medium Slow,60,85,42,85,42,91,345
Slowking,Poison Psychic,Hexpert Pokémon,1.8,79.5,Curious Medicine Own Tempo Regenerator,172,Medium Fast,95,65,80,110,110,30,395
Misdreavus,Ghost,Screech Pokémon,0.7,1,1. Levitate,87,Fast,60,60,60,85,85,85,375
Unown,Psychic,Symbol Pokémon,0.5,5,1. Levitate,118,Medium Fast,48,72,48,72,48,48,288
Wobbuffet,Psychic,Patient Pokémon,1.3,28.5,1. Shadow TagTelepathy (hidden ability),142,Medium Fast,190,33,58,33,58,33,215
Girafarig,Normal Psychic,Long Neck Pokémon,1.5,41.5,1. Inner Focus2. Early BirdSap Sipper (hidden ability),159,Medium Fast,70,80,65,90,65,85,385
Pineco,Bug,Bagworm Pokémon,0.6,7.2,1. SturdyOvercoat (hidden ability),58,Medium Fast,50,65,90,35,35,15,240
Forretress,Bug Steel,Bagworm Pokémon,1.2,125.8,1. SturdyOvercoat (hidden ability),163,Medium Fast,75,90,140,60,60,40,390
Dunsparce,Normal,Land Snake Pokémon,1.5,14,1. Serene Grace2. Run AwayRattled (hidden ability),145,Medium Fast,100,70,70,65,65,45,315
Gligar,Ground Flying,FlyScorpion Pokémon,1.1,64.8,1. Hyper Cutter2. Sand VeilImmunity (hidden ability),86,Medium Slow,65,75,105,35,65,85,365
Steelix,Steel Ground,Iron Snake Pokémon,10.5,740,Sand Force,214,Medium Fast,75,125,230,55,95,30,535
Snubbull,Fairy,Fairy Pokémon,0.6,7.8,1. Intimidate2. Run AwayRattled (hidden ability),60,Fast,60,80,50,40,40,30,240
Granbull,Fairy,Fairy Pokémon,1.4,48.7,1. Intimidate2. Quick FeetRattled (hidden ability),158,Fast,90,120,75,60,60,45,360
Qwilfish,Dark Poison,Balloon Pokémon,0.5,3.9,Poison Point Swift Swim Intimidate,88,Medium Fast,65,95,85,55,55,85,375
Scizor,Bug Steel,Pincer Pokémon,2,125,Technician,210,Medium Fast,70,150,140,65,100,75,530
Shuckle,Bug Rock,Mold Pokémon,0.6,20.5,1. Sturdy2. GluttonyContrary (hidden ability),177,Medium Slow,20,10,230,10,230,5,485
Heracross,Bug Fighting,Single Horn Pokémon,1.7,62.5,Skill Link,210,Slow,80,185,115,40,105,75,520
Sneasel,Fighting Poison,Sharp Claw Pokémon,0.9,27,Inner Focus Keen Eye Pickpocket,86,Medium Slow,55,95,55,35,75,115,375
Teddiursa,Normal,Little Bear Pokémon,0.6,8.8,1. Pickup2. Quick FeetHoney Gather (hidden ability),66,Medium Fast,60,80,50,50,50,40,270
Ursaring,Normal,Hibernator Pokémon,1.8,125.8,1. Guts2. Quick FeetUnnerve (hidden ability),175,Medium Fast,90,130,75,75,75,55,410
Slugma,Fire,Lava Pokémon,0.7,35,1. Magma Armor2. Flame BodyWeak Armor (hidden ability),50,Medium Fast,40,40,40,70,40,20,210
Magcargo,Fire Rock,Lava Pokémon,0.8,55,1. Magma Armor2. Flame BodyWeak Armor (hidden ability),151,Medium Fast,60,50,120,90,80,30,370
Swinub,Ice Ground,Pig Pokémon,0.4,6.5,1. Oblivious2. Snow CloakThick Fat (hidden ability),50,Slow,50,50,40,30,30,50,200
Piloswine,Ice Ground,Swine Pokémon,1.1,55.8,1. Oblivious2. Snow CloakThick Fat (hidden ability),158,Slow,100,100,80,60,60,50,350
Corsola,Ghost,Coral Pokémon,0.6,0.5,Weak Armor Cursed Body,144,Fast,60,55,100,65,100,30,350
Remoraid,Water,Jet Pokémon,0.6,12,1. Hustle2. SniperMoody (hidden ability),60,Medium Fast,35,65,35,65,35,65,265
Octillery,Water,Jet Pokémon,0.9,28.5,1. Suction Cups2. SniperMoody (hidden ability),168,Medium Fast,75,105,75,105,75,45,405
Delibird,Ice Flying,Delivery Pokémon,0.9,16,1. Vital Spirit2. HustleInsomnia (hidden ability),116,Fast,45,55,45,65,45,75,285
Mantine,Water Flying,Kite Pokémon,2.1,220,1. Swift Swim2. Water AbsorbWater Veil (hidden ability),170,Slow,85,40,70,80,140,70,400
Skarmory,Steel Flying,Armor Bird Pokémon,1.7,50.5,1. Keen Eye2. SturdyWeak Armor (hidden ability),163,Slow,65,80,140,40,70,70,400
Houndour,Dark Fire,Dark Pokémon,0.6,10.8,1. Early Bird2. Flash FireUnnerve (hidden ability),66,Slow,45,60,30,80,50,65,285
Houndoom,Dark Fire,Dark Pokémon,1.9,49.5,Solar Power,210,Slow,75,90,90,140,90,115,525
Kingdra,Water Dragon,Dragon Pokémon,1.8,152,1. Swift Swim2. SniperDamp (hidden ability),243,Medium Fast,75,95,95,95,95,85,465
Phanpy,Ground,Long Nose Pokémon,0.5,33.5,1. PickupSand Veil (hidden ability),66,Medium Fast,90,60,60,40,40,40,240
Donphan,Ground,Armor Pokémon,1.1,120,1. SturdySand Veil (hidden ability),175,Medium Fast,90,120,120,60,60,50,410
Porygon2,Normal,Virtual Pokémon,0.6,32.5,1. Trace2. DownloadAnalytic (hidden ability),180,Medium Fast,85,80,90,105,95,60,430
Stantler,Normal,Big Horn Pokémon,1.4,71.2,1. Intimidate2. FriskSap Sipper (hidden ability),163,Slow,73,95,62,85,65,85,392
Smeargle,Normal,Painter Pokémon,1.2,58,1. Own Tempo2. TechnicianMoody (hidden ability),88,Fast,55,20,35,20,45,75,195
Tyrogue,Fighting,Scuffle Pokémon,0.7,21,1. Guts2. SteadfastVital Spirit (hidden ability),42,Medium Fast,35,35,35,35,35,35,175
Hitmontop,Fighting,Handstand Pokémon,1.4,48,1. Intimidate2. TechnicianSteadfast (hidden ability),159,Medium Fast,50,95,95,35,110,70,405
Smoochum,Ice Psychic,Kiss Pokémon,0.4,6,1. Oblivious2. ForewarnHydration (hidden ability),61,Medium Fast,45,30,15,85,65,65,260
Elekid,Electric,Electric Pokémon,0.6,23.5,1. StaticVital Spirit (hidden ability),72,Medium Fast,45,63,37,65,55,95,315
Magby,Fire,Live Coal Pokémon,0.7,21.4,1. Flame BodyVital Spirit (hidden ability),73,Medium Fast,45,75,37,70,55,83,320
Miltank,Normal,Milk Cow Pokémon,1.2,75.5,1. Thick Fat2. ScrappySap Sipper (hidden ability),172,Slow,95,80,105,40,70,100,395
Blissey,Normal,Happiness Pokémon,1.5,46.8,1. Natural Cure2. Serene GraceHealer (hidden ability),635,Fast,255,10,10,75,135,55,285
Raikou,Electric,Thunder Pokémon,1.9,178,1. PressureInner Focus (hidden ability),261,Slow,90,85,75,115,100,115,490
Entei,Fire,Volcano Pokémon,2.1,198,1. PressureInner Focus (hidden ability),261,Slow,115,115,85,90,75,100,465
Suicune,Water,Aurora Pokémon,2,187,1. PressureInner Focus (hidden ability),261,Slow,100,75,115,90,115,85,480
Larvitar,Rock Ground,Rock Skin Pokémon,0.6,72,1. GutsSand Veil (hidden ability),60,Slow,50,64,50,45,50,41,250
Pupitar,Rock Ground,Hard Shell Pokémon,1.2,152,1. Shed Skin,144,Slow,70,84,70,65,70,51,340
Tyranitar,Rock Dark,Armor Pokémon,2.5,255,Sand Stream,315,Slow,100,164,150,95,120,71,600
Lugia,Psychic Flying,Diving Pokémon,5.2,216,1. PressureMultiscale (hidden ability),306,Slow,106,90,130,90,154,110,574
Ho-oh,Fire Flying,Rainbow Pokémon,3.8,199,1. PressureRegenerator (hidden ability),306,Slow,106,130,90,110,154,90,574
Celebi,Psychic Grass,Time Travel Pokémon,0.6,5,1. Natural Cure,270,Medium Slow,100,100,100,100,100,100,500
Treecko,Grass,Wood Gecko Pokémon,0.5,5,1. OvergrowUnburden (hidden ability),62,Medium Slow,40,45,35,65,55,70,270
Grovyle,Grass,Wood Gecko Pokémon,0.9,21.6,1. OvergrowUnburden (hidden ability),142,Medium Slow,50,65,45,85,65,95,355
Sceptile,Grass Dragon,Forest Pokémon,1.9,55.2,Lightning Rod,284,Medium Slow,70,110,75,145,85,145,560
Torchic,Fire,Chick Pokémon,0.4,2.5,1. BlazeSpeed Boost (hidden ability),62,Medium Slow,45,60,40,70,50,45,265
Combusken,Fire Fighting,Young Fowl Pokémon,0.9,19.5,1. BlazeSpeed Boost (hidden ability),142,Medium Slow,60,85,60,85,60,55,345
Blaziken,Fire Fighting,Blaze Pokémon,1.9,52,Speed Boost,284,Medium Slow,80,160,80,130,80,100,550
Mudkip,Water,Mud Fish Pokémon,0.4,7.6,1. TorrentDamp (hidden ability),62,Medium Slow,50,70,50,50,50,40,260
Marshtomp,Water Ground,Mud Fish Pokémon,0.7,28,1. TorrentDamp (hidden ability),142,Medium Slow,70,85,70,60,70,50,335
Swampert,Water Ground,Mud Fish Pokémon,1.9,102,Swift Swim,286,Medium Slow,100,150,110,95,110,70,535
Poochyena,Dark,Bite Pokémon,0.5,13.6,1. Run Away2. Quick FeetRattled (hidden ability),56,Medium Fast,35,55,35,30,30,35,185
Mightyena,Dark,Bite Pokémon,1,37,1. Intimidate2. Quick FeetMoxie (hidden ability),147,Medium Fast,70,90,70,60,60,70,350
Zigzagoon,Dark Normal,Tiny Raccoon Pokémon,0.4,17.5,Pickup Gluttony Quick Feet,56,Medium Fast,38,30,41,30,41,60,202
Linoone,Dark Normal,Rushing Pokémon,0.5,32.5,Pickup Gluttony Quick Feet,147,Medium Fast,78,70,61,50,61,100,342
Wurmple,Bug,Worm Pokémon,0.3,3.6,1. Shield DustRun Away (hidden ability),56,Medium Fast,45,45,35,20,30,20,150
Silcoon,Bug,Cocoon Pokémon,0.6,10,1. Shed Skin,72,Medium Fast,50,35,55,25,25,15,155
Beautifly,Bug Flying,Butterfly Pokémon,1,28.4,1. SwarmRivalry (hidden ability),178,Medium Fast,60,70,50,100,50,65,335
Cascoon,Bug,Cocoon Pokémon,0.7,11.5,1. Shed Skin,72,Medium Fast,50,35,55,25,25,15,155
Dustox,Bug Poison,Poison Moth Pokémon,1.2,31.6,1. Shield DustCompound Eyes (hidden ability),173,Medium Fast,60,50,70,50,90,65,325
Lotad,Water Grass,Water Weed Pokémon,0.5,2.6,1. Swift Swim2. Rain DishOwn Tempo (hidden ability),44,Medium Slow,40,30,30,40,50,30,180
Lombre,Water Grass,Jolly Pokémon,1.2,32.5,1. Swift Swim2. Rain DishOwn Tempo (hidden ability),119,Medium Slow,60,50,50,60,70,50,280
Ludicolo,Water Grass,Carefree Pokémon,1.5,55,1. Swift Swim2. Rain DishOwn Tempo (hidden ability),216,Medium Slow,80,70,70,90,100,70,400
Seedot,Grass,Acorn Pokémon,0.5,4,1. Chlorophyll2. Early BirdPickpocket (hidden ability),44,Medium Slow,40,40,50,30,30,30,180
Nuzleaf,Grass Dark,Wily Pokémon,1,28,1. Chlorophyll2. Early BirdPickpocket (hidden ability),119,Medium Slow,70,70,40,60,40,60,270
Shiftry,Grass Dark,Wicked Pokémon,1.3,59.6,1. Chlorophyll2. Early BirdPickpocket (hidden ability),216,Medium Slow,90,100,60,90,60,80,390
Taillow,Normal Flying,TinySwallow Pokémon,0.3,2.3,1. GutsScrappy (hidden ability),54,Medium Slow,40,55,30,30,30,85,230
Swellow,Normal Flying,Swallow Pokémon,0.7,19.8,1. GutsScrappy (hidden ability),159,Medium Slow,60,85,60,75,50,125,395
Wingull,Water Flying,Seagull Pokémon,0.6,9.5,1. Keen Eye2. HydrationRain Dish (hidden ability),54,Medium Fast,40,30,30,55,30,85,230
Pelipper,Water Flying,Water Bird Pokémon,1.2,28,1. Keen Eye2. DrizzleRain Dish (hidden ability),154,Medium Fast,60,50,100,95,70,65,380
Ralts,Psychic Fairy,Feeling Pokémon,0.4,6.6,1. Synchronize2. TraceTelepathy (hidden ability),40,Slow,28,25,25,45,35,40,170
Kirlia,Psychic Fairy,Emotion Pokémon,0.8,20.2,1. Synchronize2. TraceTelepathy (hidden ability),97,Slow,38,35,35,65,55,50,240
Gardevoir,Psychic Fairy,Embrace Pokémon,1.6,48.4,Pixilate,278,Slow,68,85,65,165,135,100,550
Surskit,Bug Water,Pond Skater Pokémon,0.5,1.7,1. Swift SwimRain Dish (hidden ability),54,Medium Fast,40,30,32,50,52,65,229
Masquerain,Bug Flying,Eyeball Pokémon,0.8,3.6,1. IntimidateUnnerve (hidden ability),159,Medium Fast,70,60,62,100,82,80,384
Shroomish,Grass,Mushroom Pokémon,0.4,4.5,1. Effect Spore2. Poison HealQuick Feet (hidden ability),59,Fluctuating,60,40,60,40,60,35,235
Breloom,Grass Fighting,Mushroom Pokémon,1.2,39.2,1. Effect Spore2. Poison HealTechnician (hidden ability),161,Fluctuating,60,130,80,60,60,70,400
Slakoth,Normal,Slacker Pokémon,0.8,24,1. Truant,56,Slow,60,60,60,35,35,30,220
Vigoroth,Normal,Wild Monkey Pokémon,1.4,46.5,1. Vital Spirit,154,Slow,80,80,80,55,55,90,360
Slaking,Normal,Lazy Pokémon,2,130.5,1. Truant,285,Slow,150,160,100,95,65,100,520
Nincada,Bug Ground,Trainee Pokémon,0.5,5.5,1. Compound EyesRun Away (hidden ability),53,Erratic,31,45,90,30,30,40,235
Ninjask,Bug Flying,Ninja Pokémon,0.8,12,1. Speed BoostInfiltrator (hidden ability),160,Erratic,61,90,45,50,50,160,395
Shedinja,Bug Ghost,Shed Pokémon,0.8,1.2,1. Wonder Guard,83,Erratic,1,90,45,30,30,40,235
Whismur,Normal,Whisper Pokémon,0.6,16.3,1. SoundproofRattled (hidden ability),48,Medium Slow,64,51,23,51,23,28,176
Loudred,Normal,Big Voice Pokémon,1,40.5,1. SoundproofScrappy (hidden ability),126,Medium Slow,84,71,43,71,43,48,276
Exploud,Normal,Loud Noise Pokémon,1.5,84,1. SoundproofScrappy (hidden ability),221,Medium Slow,104,91,63,91,73,68,386
Makuhita,Fighting,Guts Pokémon,1,86.4,1. Thick Fat2. GutsSheer Force (hidden ability),47,Fluctuating,72,60,30,20,30,25,165
Hariyama,Fighting,Arm Thrust Pokémon,2.3,253.8,1. Thick Fat2. GutsSheer Force (hidden ability),166,Fluctuating,144,120,60,40,60,50,330
Azurill,Normal Fairy,Polka Dot Pokémon,0.2,2,1. Thick Fat2. Huge PowerSap Sipper (hidden ability),38,Fast,50,20,40,20,40,20,140
Nosepass,Rock,Compass Pokémon,1,97,1. Sturdy2. Magnet PullSand Force (hidden ability),75,Medium Fast,30,45,135,45,90,30,345
Skitty,Normal,Kitten Pokémon,0.6,11,1. Cute Charm2. NormalizeWonder Skin (hidden ability),52,Fast,50,45,45,35,35,50,210
Delcatty,Normal,Prim Pokémon,1.1,32.6,1. Cute Charm2. NormalizeWonder Skin (hidden ability),140,Fast,70,65,65,55,55,90,330
Sableye,Dark Ghost,Darkness Pokémon,0.5,161,Magic Bounce,168,Medium Slow,50,85,125,85,115,20,430
Mawile,Steel Fairy,Deceiver Pokémon,1,23.5,Huge Power,168,Fast,50,105,125,55,95,50,430
Aron,Steel Rock,Iron Armor Pokémon,0.4,60,1. Sturdy2. Rock HeadHeavy Metal (hidden ability),66,Slow,50,70,100,40,40,30,280
Lairon,Steel Rock,Iron Armor Pokémon,0.9,120,1. Sturdy2. Rock HeadHeavy Metal (hidden ability),151,Slow,60,90,140,50,50,40,370
Aggron,Steel,Iron Armor Pokémon,2.2,395,Filter,284,Slow,70,140,230,60,80,50,560
Meditite,Fighting Psychic,Meditate Pokémon,0.6,11.2,1. Pure PowerTelepathy (hidden ability),56,Medium Fast,30,40,55,40,55,60,250
Medicham,Fighting Psychic,Meditate Pokémon,1.3,31.5,Pure Power,179,Medium Fast,60,100,85,80,85,100,450
Electrike,Electric,Lightning Pokémon,0.6,15.2,1. Static2. Lightning RodMinus (hidden ability),59,Slow,40,45,40,65,40,65,255
Manectric,Electric,Discharge Pokémon,1.8,44,Intimidate,201,Slow,70,75,80,135,80,135,505
Plusle,Electric,Cheering Pokémon,0.4,4.2,1. PlusLightning Rod (hidden ability),142,Medium Fast,60,50,40,85,75,95,345
Minun,Electric,Cheering Pokémon,0.4,4.2,1. MinusVolt Absorb (hidden ability),142,Medium Fast,60,40,50,75,85,95,345
Volbeat,Bug,Firefly Pokémon,0.7,17.7,1. Illuminate2. SwarmPrankster (hidden ability),151,Erratic,65,73,75,47,85,85,365
Illumise,Bug,Firefly Pokémon,0.6,17.7,1. Oblivious2. Tinted LensPrankster (hidden ability),151,Fluctuating,65,47,75,73,85,85,365
Roselia,Grass Poison,Thorn Pokémon,0.3,2,1. Natural Cure2. Poison PointLeaf Guard (hidden ability),140,Medium Slow,50,60,45,100,80,65,350
Gulpin,Poison,Stomach Pokémon,0.4,10.3,1. Liquid Ooze2. Sticky HoldGluttony (hidden ability),60,Fluctuating,70,43,53,43,53,40,232
Swalot,Poison,Poison Bag Pokémon,1.7,80,1. Liquid Ooze2. Sticky HoldGluttony (hidden ability),163,Fluctuating,100,73,83,73,83,55,367
Carvanha,Water Dark,Savage Pokémon,0.8,20.8,1. Rough SkinSpeed Boost (hidden ability),61,Slow,45,90,20,65,20,65,260
Sharpedo,Water Dark,Brutal Pokémon,2.5,130.3,Strong Jaw,196,Slow,70,140,70,110,65,105,490
Wailmer,Water,Ball Whale Pokémon,2,130,1. Water Veil2. ObliviousPressure (hidden ability),80,Fluctuating,130,70,35,70,35,60,270
Wailord,Water,Float Whale Pokémon,14.5,398,1. Water Veil2. ObliviousPressure (hidden ability),175,Fluctuating,170,90,45,90,45,60,330
Numel,Fire Ground,Numb Pokémon,0.7,24,1. Oblivious2. SimpleOwn Tempo (hidden ability),61,Medium Fast,60,60,40,65,45,35,245
Camerupt,Fire Ground,Eruption Pokémon,2.5,320.5,Sheer Force,196,Medium Fast,70,120,100,145,105,20,490
Torkoal,Fire,Coal Pokémon,0.5,80.4,1. White Smoke2. DroughtShell Armor (hidden ability),165,Medium Fast,70,85,140,85,70,20,400
Spoink,Psychic,Bounce Pokémon,0.7,30.6,1. Thick Fat2. Own TempoGluttony (hidden ability),66,Fast,60,25,35,70,80,60,270
Grumpig,Psychic,Manipulate Pokémon,0.9,71.5,1. Thick Fat2. Own TempoGluttony (hidden ability),165,Fast,80,45,65,90,110,80,390
Spinda,Normal,Spot Panda Pokémon,1.1,5,1. Own Tempo2. Tangled FeetContrary (hidden ability),126,Fast,60,60,60,60,60,60,300
Trapinch,Ground,Ant Pit Pokémon,0.7,15,1. Hyper Cutter2. Arena TrapSheer Force (hidden ability),58,Medium Slow,45,100,45,45,45,10,245
Vibrava,Ground Dragon,Vibration Pokémon,1.1,15.3,1. Levitate,119,Medium Slow,50,70,50,50,50,70,290
Flygon,Ground Dragon,Mystic Pokémon,2,82,1. Levitate,234,Medium Slow,80,100,80,80,80,100,440
Cacnea,Grass,Cactus Pokémon,0.4,51.3,1. Sand VeilWater Absorb (hidden ability),67,Medium Slow,50,85,40,85,40,35,285
Cacturne,Grass Dark,Scarecrow Pokémon,1.3,77.4,1. Sand VeilWater Absorb (hidden ability),166,Medium Slow,70,115,60,115,60,55,405
Swablu,Normal Flying,Cotton Bird Pokémon,0.4,1.2,1. Natural CureCloud Nine (hidden ability),62,Erratic,45,40,60,40,75,50,265
Altaria,Dragon Fairy,Humming Pokémon,1.5,20.6,Pixilate,207,Erratic,75,110,110,110,105,80,515
Zangoose,Normal,Cat Ferret Pokémon,1.3,40.3,1. ImmunityToxic Boost (hidden ability),160,Erratic,73,115,60,60,60,90,385
Seviper,Poison,Fang Snake Pokémon,2.7,52.5,1. Shed SkinInfiltrator (hidden ability),160,Fluctuating,73,100,60,100,60,65,385
Lunatone,Rock Psychic,Meteorite Pokémon,1,168,1. Levitate,161,Fast,90,55,65,95,85,70,370
Solrock,Rock Psychic,Meteorite Pokémon,1.2,154,1. Levitate,161,Fast,90,95,85,55,65,70,370
Barboach,Water Ground,Whiskers Pokémon,0.4,1.9,1. Oblivious2. AnticipationHydration (hidden ability),58,Medium Fast,50,48,43,46,41,60,238
Whiscash,Water Ground,Whiskers Pokémon,0.9,23.6,1. Oblivious2. AnticipationHydration (hidden ability),164,Medium Fast,110,78,73,76,71,60,358
Corphish,Water,Ruffian Pokémon,0.6,11.5,1. Hyper Cutter2. Shell ArmorAdaptability (hidden ability),62,Fluctuating,43,80,65,50,35,35,265
Crawdaunt,Water Dark,Rogue Pokémon,1.1,32.8,1. Hyper Cutter2. Shell ArmorAdaptability (hidden ability),164,Fluctuating,63,120,85,90,55,55,405
Baltoy,Ground Psychic,Clay Doll Pokémon,0.5,21.5,1. Levitate,60,Medium Fast,40,40,55,40,70,55,260
Claydol,Ground Psychic,Clay Doll Pokémon,1.5,108,1. Levitate,175,Medium Fast,60,70,105,70,120,75,440
Lileep,Rock Grass,Sea Lily Pokémon,1,23.8,1. Suction CupsStorm Drain (hidden ability),71,Erratic,66,41,77,61,87,23,289
Cradily,Rock Grass,Barnacle Pokémon,1.5,60.4,1. Suction CupsStorm Drain (hidden ability),173,Erratic,86,81,97,81,107,43,409
Anorith,Rock Bug,Old Shrimp Pokémon,0.7,12.5,1. Battle ArmorSwift Swim (hidden ability),71,Erratic,45,95,50,40,50,75,310
Armaldo,Rock Bug,Plate Pokémon,1.5,68.2,1. Battle ArmorSwift Swim (hidden ability),173,Erratic,75,125,100,70,80,45,420
Feebas,Water,Fish Pokémon,0.6,7.4,1. Swift Swim2. ObliviousAdaptability (hidden ability),40,Erratic,20,15,20,10,55,80,180
Milotic,Water,Tender Pokémon,6.2,162,1. Marvel Scale2. CompetitiveCute Charm (hidden ability),189,Erratic,95,60,79,100,125,81,445
Castform,Ice,Weather Pokémon,0.3,0.8,Forecast,147,Medium Fast,70,70,70,70,70,70,350
Kecleon,Normal,Color Swap Pokémon,1,22,1. Color ChangeProtean (hidden ability),154,Medium Slow,60,90,70,60,120,40,380
Shuppet,Ghost,Puppet Pokémon,0.6,2.3,1. Insomnia2. FriskCursed Body (hidden ability),59,Fast,44,75,35,63,33,45,251
Banette,Ghost,Marionette Pokémon,1.2,13,Prankster,194,Fast,64,165,75,93,83,75,491
Duskull,Ghost,Requiem Pokémon,0.8,15,1. LevitateFrisk (hidden ability),59,Fast,20,40,90,30,90,25,275
Dusclops,Ghost,Beckon Pokémon,1.6,30.6,1. PressureFrisk (hidden ability),159,Fast,40,70,130,60,130,25,415
Tropius,Grass Flying,Fruit Pokémon,2,100,1. Chlorophyll2. Solar PowerHarvest (hidden ability),161,Slow,99,68,83,72,87,51,361
Chimecho,Psychic,Wind Chime Pokémon,0.6,1,1. Levitate,159,Fast,75,50,80,95,90,65,380
Absol,Dark,Disaster Pokémon,1.2,49,Magic Bounce,198,Medium Slow,65,150,60,115,60,115,500
Wynaut,Psychic,Bright Pokémon,0.6,14,1. Shadow TagTelepathy (hidden ability),52,Medium Fast,95,23,48,23,48,23,165
Snorunt,Ice,Snow Hat Pokémon,0.7,16.8,1. Inner Focus2. Ice BodyMoody (hidden ability),60,Medium Fast,50,50,50,50,50,50,250
Glalie,Ice,Face Pokémon,2.1,350.2,Refrigerate,203,Medium Fast,80,120,80,120,80,100,500
Spheal,Ice Water,Clap Pokémon,0.8,39.5,1. Thick Fat2. Ice BodyOblivious (hidden ability),58,Medium Slow,70,40,50,55,50,25,220
Sealeo,Ice Water,Ball Roll Pokémon,1.1,87.6,1. Thick Fat2. Ice BodyOblivious (hidden ability),144,Medium Slow,90,60,70,75,70,45,320
Walrein,Ice Water,Ice Break Pokémon,1.4,150.6,1. Thick Fat2. Ice BodyOblivious (hidden ability),239,Medium Slow,110,80,90,95,90,65,420
Clamperl,Water,Bivalve Pokémon,0.4,52.5,1. Shell ArmorRattled (hidden ability),69,Erratic,35,64,85,74,55,32,310
Huntail,Water,Deep Sea Pokémon,1.7,27,1. Swift SwimWater Veil (hidden ability),170,Erratic,55,104,105,94,75,52,430
Gorebyss,Water,South Sea Pokémon,1.8,22.6,1. Swift SwimHydration (hidden ability),170,Erratic,55,84,105,114,75,52,430
Relicanth,Water Rock,Longevity Pokémon,1,23.4,1. Swift Swim2. Rock HeadSturdy (hidden ability),170,Slow,100,90,130,45,65,55,385
Luvdisc,Water,Rendezvous Pokémon,0.6,8.7,1. Swift SwimHydration (hidden ability),116,Fast,43,30,55,40,65,97,287
Bagon,Dragon,Rock Head Pokémon,0.6,42.1,1. Rock HeadSheer Force (hidden ability),60,Slow,45,75,60,40,30,50,255
Shelgon,Dragon,Endurance Pokémon,1.1,110.5,1. Rock HeadOvercoat (hidden ability),147,Slow,65,95,100,60,50,50,355
Salamence,Dragon Flying,Dragon Pokémon,1.8,112.6,Aerilate,315,Slow,95,145,130,120,90,120,605
Beldum,Steel Psychic,Iron Ball Pokémon,0.6,95.2,1. Clear BodyLight Metal (hidden ability),60,Slow,40,55,80,35,60,30,260
Metang,Steel Psychic,Iron Claw Pokémon,1.2,202.5,1. Clear BodyLight Metal (hidden ability),147,Slow,60,75,100,55,80,50,360
Metagross,Steel Psychic,Iron Leg Pokémon,2.5,942.9,Tough Claws,315,Slow,80,145,150,105,110,110,620
Regirock,Rock,Rock Peak Pokémon,1.7,230,1. Clear BodySturdy (hidden ability),261,Slow,80,100,200,50,100,50,500
Regice,Ice,Iceberg Pokémon,1.8,175,1. Clear BodyIce Body (hidden ability),261,Slow,80,50,100,100,200,50,500
Registeel,Steel,Iron Pokémon,1.9,205,1. Clear BodyLight Metal (hidden ability),261,Slow,80,75,150,75,150,50,500
Latias,Dragon Psychic,Eon Pokémon,1.8,52,Levitate,315,Slow,80,100,120,140,150,110,620
Latios,Dragon Psychic,Eon Pokémon,2.3,70,Levitate,315,Slow,80,130,100,160,120,110,620
Kyogre,Water,Sea Basin Pokémon,9.8,430,Primordial Sea,347,Slow,100,150,90,180,160,90,670
Groudon,Ground Fire,Continent Pokémon,5,999.7,Desolate Land,347,Slow,100,180,160,150,90,90,670
Rayquaza,Dragon Flying,Sky High Pokémon,10.8,392,Delta Stream,351,Slow,105,180,100,180,100,115,675
Jirachi,Steel Psychic,Wish Pokémon,0.3,1.1,1. Serene Grace,270,Slow,100,100,100,100,100,100,500
Deoxys,Psychic,DNA Pokémon,1.7,60.8,Pressure,270,Slow,50,95,90,95,90,180,550
Turtwig,Grass,Tiny Leaf Pokémon,0.4,10.2,1. OvergrowShell Armor (hidden ability),64,Medium Slow,55,68,64,45,55,31,263
Grotle,Grass,Grove Pokémon,1.1,97,1. OvergrowShell Armor (hidden ability),142,Medium Slow,75,89,85,55,65,36,330
Torterra,Grass Ground,Continent Pokémon,2.2,310,1. OvergrowShell Armor (hidden ability),236,Medium Slow,95,109,105,75,85,56,430
Chimchar,Fire,Chimp Pokémon,0.5,6.2,1. BlazeIron Fist (hidden ability),62,Medium Slow,44,58,44,58,44,61,265
Monferno,Fire Fighting,Playful Pokémon,0.9,22,1. BlazeIron Fist (hidden ability),142,Medium Slow,64,78,52,78,52,81,341
Infernape,Fire Fighting,Flame Pokémon,1.2,55,1. BlazeIron Fist (hidden ability),240,Medium Slow,76,104,71,104,71,108,458
Piplup,Water,Penguin Pokémon,0.4,5.2,1. TorrentDefiant (hidden ability),63,Medium Slow,53,51,53,61,56,40,261
Prinplup,Water,Penguin Pokémon,0.8,23,1. TorrentDefiant (hidden ability),142,Medium Slow,64,66,68,81,76,50,341
Empoleon,Water Steel,Emperor Pokémon,1.7,84.5,1. TorrentDefiant (hidden ability),239,Medium Slow,84,86,88,111,101,60,446
Starly,Normal Flying,Starling Pokémon,0.3,2,1. Keen EyeReckless (hidden ability),49,Medium Slow,40,55,30,30,30,60,205
Staravia,Normal Flying,Starling Pokémon,0.6,15.5,1. IntimidateReckless (hidden ability),119,Medium Slow,55,75,50,40,40,80,285
Staraptor,Normal Flying,Predator Pokémon,1.2,24.9,1. IntimidateReckless (hidden ability),243,Medium Slow,85,120,70,50,60,100,400
Bidoof,Normal,Plump Mouse Pokémon,0.5,20,1. Simple2. UnawareMoody (hidden ability),50,Medium Fast,59,45,40,35,40,31,191
Bibarel,Normal Water,Beaver Pokémon,1,31.5,1. Simple2. UnawareMoody (hidden ability),144,Medium Fast,79,85,60,55,60,71,331
Kricketot,Bug,Cricket Pokémon,0.3,2.2,1. Shed SkinRun Away (hidden ability),39,Medium Slow,37,25,41,25,41,25,157
Kricketune,Bug,Cricket Pokémon,1,25.5,1. SwarmTechnician (hidden ability),134,Medium Slow,77,85,51,55,51,65,307
Shinx,Electric,Flash Pokémon,0.5,9.5,1. Rivalry2. IntimidateGuts (hidden ability),53,Medium Slow,45,65,34,40,34,45,218
Luxio,Electric,Spark Pokémon,0.9,30.5,1. Rivalry2. IntimidateGuts (hidden ability),127,Medium Slow,60,85,49,60,49,60,303
Luxray,Electric,Gleam Eyes Pokémon,1.4,42,1. Rivalry2. IntimidateGuts (hidden ability),262,Medium Slow,80,120,79,95,79,70,443
Budew,Grass Poison,Bud Pokémon,0.2,1.2,1. Natural Cure2. Poison PointLeaf Guard (hidden ability),56,Medium Slow,40,30,35,50,70,55,240
Roserade,Grass Poison,Bouquet Pokémon,0.9,14.5,1. Natural Cure2. Poison PointTechnician (hidden ability),232,Medium Slow,60,70,65,125,105,90,455
Cranidos,Rock,Head Butt Pokémon,0.9,31.5,1. Mold BreakerSheer Force (hidden ability),70,Erratic,67,125,40,30,30,58,283
Rampardos,Rock,Head Butt Pokémon,1.6,102.5,1. Mold BreakerSheer Force (hidden ability),173,Erratic,97,165,60,65,50,58,398
Shieldon,Rock Steel,Shield Pokémon,0.5,57,1. SturdySoundproof (hidden ability),70,Erratic,30,42,118,42,88,30,320
Bastiodon,Rock Steel,Shield Pokémon,1.3,149.5,1. SturdySoundproof (hidden ability),173,Erratic,60,52,168,47,138,30,435
Burmy,Bug,Bagworm Pokémon,0.2,3.4,Shed Skin Overcoat,45,Medium Fast,40,29,45,29,45,36,184
Wormadam,Bug Steel,Bagworm Pokémon,0.5,6.5,Anticipation Overcoat,148,Medium Fast,60,69,95,69,95,36,364
Mothim,Bug Flying,Moth Pokémon,0.9,23.3,1. SwarmTinted Lens (hidden ability),148,Medium Fast,70,94,50,94,50,66,354
Combee,Bug Flying,Tiny Bee Pokémon,0.3,5.5,1. Honey GatherHustle (hidden ability),49,Medium Slow,30,30,42,30,42,70,214
Vespiquen,Bug Flying,Beehive Pokémon,1.2,38.5,1. PressureUnnerve (hidden ability),166,Medium Slow,70,80,102,80,102,40,404
Pachirisu,Electric,EleSquirrel Pokémon,0.4,3.9,1. Run Away2. PickupVolt Absorb (hidden ability),142,Medium Fast,60,45,70,45,90,95,345
Buizel,Water,Sea Weasel Pokémon,0.7,29.5,1. Swift SwimWater Veil (hidden ability),66,Medium Fast,55,65,35,60,30,85,275
Floatzel,Water,Sea Weasel Pokémon,1.1,33.5,1. Swift SwimWater Veil (hidden ability),173,Medium Fast,85,105,55,85,50,115,410
Cherubi,Grass,Cherry Pokémon,0.4,3.3,1. Chlorophyll,55,Medium Fast,45,35,45,62,53,35,230
Cherrim,Grass,Blossom Pokémon,0.5,9.3,1. Flower Gift,158,Medium Fast,70,60,70,87,78,85,380
Shellos,Water,Sea Slug Pokémon,0.3,6.3,1. Sticky Hold2. Storm DrainSand Force (hidden ability),65,Medium Fast,76,48,48,57,62,34,249
Gastrodon,Water Ground,Sea Slug Pokémon,0.9,29.9,1. Sticky Hold2. Storm DrainSand Force (hidden ability),166,Medium Fast,111,83,68,92,82,39,364
Ambipom,Normal,Long Tail Pokémon,1.2,20.3,1. Technician2. PickupSkill Link (hidden ability),169,Fast,75,100,66,60,66,115,407
Drifloon,Ghost Flying,Balloon Pokémon,0.4,1.2,1. Aftermath2. UnburdenFlare Boost (hidden ability),70,Fluctuating,90,50,34,60,44,70,258
Drifblim,Ghost Flying,Blimp Pokémon,1.2,15,1. Aftermath2. UnburdenFlare Boost (hidden ability),174,Fluctuating,150,80,44,90,54,80,348
Buneary,Normal,Rabbit Pokémon,0.4,5.5,1. Run Away2. KlutzLimber (hidden ability),70,Medium Fast,55,66,44,44,56,85,295
Lopunny,Normal Fighting,Rabbit Pokémon,1.3,28.3,Scrappy,203,Medium Fast,65,136,94,54,96,135,515
Mismagius,Ghost,Magical Pokémon,0.9,4.4,1. Levitate,173,Fast,60,60,60,105,105,105,435
Honchkrow,Dark Flying,Big Boss Pokémon,0.9,27.3,1. Insomnia2. Super LuckMoxie (hidden ability),177,Medium Slow,100,125,52,105,52,71,405
Glameow,Normal,Catty Pokémon,0.5,3.9,1. Limber2. Own TempoKeen Eye (hidden ability),62,Fast,49,55,42,42,37,85,261
Purugly,Normal,Tiger Cat Pokémon,1,43.8,1. Thick Fat2. Own TempoDefiant (hidden ability),158,Fast,71,82,64,64,59,112,381
Chingling,Psychic,Bell Pokémon,0.2,0.6,1. Levitate,57,Fast,45,30,50,65,50,45,240
Stunky,Poison Dark,Skunk Pokémon,0.4,19.2,1. Stench2. AftermathKeen Eye (hidden ability),66,Medium Fast,63,63,47,41,41,74,266
Skuntank,Poison Dark,Skunk Pokémon,1,38,1. Stench2. AftermathKeen Eye (hidden ability),168,Medium Fast,103,93,67,71,61,84,376
Bronzor,Steel Psychic,Bronze Pokémon,0.5,60.5,1. Levitate2. HeatproofHeavy Metal (hidden ability),60,Medium Fast,57,24,86,24,86,23,243
Bronzong,Steel Psychic,Bronze Bell Pokémon,1.3,187,1. Levitate2. HeatproofHeavy Metal (hidden ability),175,Medium Fast,67,89,116,79,116,33,433
Bonsly,Rock,Bonsai Pokémon,0.5,15,1. Sturdy2. Rock HeadRattled (hidden ability),58,Medium Fast,50,80,95,10,45,10,240
Happiny,Normal,Playhouse Pokémon,0.6,24.4,1. Natural Cure2. Serene GraceFriend Guard (hidden ability),110,Fast,100,5,5,15,65,30,120
Chatot,Normal Flying,Music Note Pokémon,0.5,1.9,1. Keen Eye2. Tangled FeetBig Pecks (hidden ability),144,Medium Slow,76,65,45,92,42,91,335
Spiritomb,Ghost Dark,Forbidden Pokémon,1,108,1. PressureInfiltrator (hidden ability),170,Medium Fast,50,92,108,92,108,35,435
Gible,Dragon Ground,Land Shark Pokémon,0.7,20.5,1. Sand VeilRough Skin (hidden ability),60,Slow,58,70,45,40,45,42,242
Gabite,Dragon Ground,Cave Pokémon,1.4,56,1. Sand VeilRough Skin (hidden ability),144,Slow,68,90,65,50,55,82,342
Garchomp,Dragon Ground,Mach Pokémon,1.9,95,Sand Force,315,Slow,108,170,115,120,95,92,592
Munchlax,Normal,Big Eater Pokémon,0.6,105,1. Pickup2. Thick FatGluttony (hidden ability),78,Slow,135,85,40,40,85,5,255
Riolu,Fighting,Emanation Pokémon,0.7,20.2,1. Steadfast2. Inner FocusPrankster (hidden ability),57,Medium Slow,40,70,40,35,40,60,245
Lucario,Fighting Steel,Aura Pokémon,1.3,57.5,Adaptability,219,Medium Slow,70,145,88,140,70,112,555
Hippopotas,Ground,Hippo Pokémon,0.8,49.5,1. Sand StreamSand Force (hidden ability),66,Slow,68,72,78,38,42,32,262
Hippowdon,Ground,Heavyweight Pokémon,2,300,1. Sand StreamSand Force (hidden ability),184,Slow,108,112,118,68,72,47,417
Skorupi,Poison Bug,Scorpion Pokémon,0.8,12,1. Battle Armor2. SniperKeen Eye (hidden ability),66,Slow,40,50,90,30,55,65,290
Drapion,Poison Dark,Ogre Scorp Pokémon,1.3,61.5,1. Battle Armor2. SniperKeen Eye (hidden ability),175,Slow,70,90,110,60,75,95,430
Croagunk,Poison Fighting,Toxic Mouth Pokémon,0.7,23,1. Anticipation2. Dry SkinPoison Touch (hidden ability),60,Medium Fast,48,61,40,61,40,50,252
Toxicroak,Poison Fighting,Toxic Mouth Pokémon,1.3,44.4,1. Anticipation2. Dry SkinPoison Touch (hidden ability),172,Medium Fast,83,106,65,86,65,85,407
Carnivine,Grass,Bug Catcher Pokémon,1.4,27,1. Levitate,159,Slow,74,100,72,90,72,46,380
Finneon,Water,Wing Fish Pokémon,0.4,7,1. Swift Swim2. Storm DrainWater Veil (hidden ability),66,Erratic,49,49,56,49,61,66,281
Lumineon,Water,Neon Pokémon,1.2,24,1. Swift Swim2. Storm DrainWater Veil (hidden ability),161,Erratic,69,69,76,69,86,91,391
Mantyke,Water Flying,Kite Pokémon,1,65,1. Swift Swim2. Water AbsorbWater Veil (hidden ability),69,Slow,45,20,50,60,120,50,300
Snover,Grass Ice,Frost Tree Pokémon,1,50.5,1. Snow WarningSoundproof (hidden ability),67,Slow,60,62,50,62,60,40,274
Abomasnow,Grass Ice,Frost Tree Pokémon,2.7,185,Snow Warning,208,Slow,90,132,105,132,105,30,504
Weavile,Dark Ice,Sharp Claw Pokémon,1.1,34,1. PressurePickpocket (hidden ability),179,Medium Slow,70,120,65,45,85,125,440
Magnezone,Electric Steel,Magnet Area Pokémon,1.2,180,1. Magnet Pull2. SturdyAnalytic (hidden ability),268,Medium Fast,70,70,115,130,90,60,465
Lickilicky,Normal,Licking Pokémon,1.7,140,1. Own Tempo2. ObliviousCloud Nine (hidden ability),180,Medium Fast,110,85,95,80,95,50,405
Rhyperior,Ground Rock,Drill Pokémon,2.4,282.8,1. Lightning Rod2. Solid RockReckless (hidden ability),241,Slow,115,140,130,55,55,40,420
Tangrowth,Grass,Vine Pokémon,2,128.6,1. Chlorophyll2. Leaf GuardRegenerator (hidden ability),187,Medium Fast,100,100,125,110,50,50,435
Electivire,Electric,Thunderbolt Pokémon,1.8,138.6,1. Motor DriveVital Spirit (hidden ability),243,Medium Fast,75,123,67,95,85,95,465
Magmortar,Fire,Blast Pokémon,1.6,68,1. Flame BodyVital Spirit (hidden ability),243,Medium Fast,75,95,67,125,95,83,465
Togekiss,Fairy Flying,Jubilee Pokémon,1.5,38,1. Hustle2. Serene GraceSuper Luck (hidden ability),245,Fast,85,50,95,120,115,80,460
Yanmega,Bug Flying,Ogre Darner Pokémon,1.9,51.5,1. Speed Boost2. Tinted LensFrisk (hidden ability),180,Medium Fast,86,76,86,116,56,95,429
Leafeon,Grass,Verdant Pokémon,1,25.5,1. Leaf GuardChlorophyll (hidden ability),184,Medium Fast,65,110,130,60,65,95,460
Glaceon,Ice,Fresh Snow Pokémon,0.8,25.9,1. Snow CloakIce Body (hidden ability),184,Medium Fast,65,60,110,130,95,65,460
Gliscor,Ground Flying,Fang Scorp Pokémon,2,42.5,1. Hyper Cutter2. Sand VeilPoison Heal (hidden ability),179,Medium Slow,75,95,125,45,75,95,435
Mamoswine,Ice Ground,Twin Tusk Pokémon,2.5,291,1. Oblivious2. Snow CloakThick Fat (hidden ability),239,Slow,110,130,80,70,60,80,420
Porygon-Z,Normal,Virtual Pokémon,0.9,34,1. Adaptability2. DownloadAnalytic (hidden ability),241,Medium Fast,85,80,70,135,75,90,450
Gallade,Psychic Fighting,Blade Pokémon,1.6,56.4,Inner Focus,278,Slow,68,165,95,65,115,110,550
Probopass,Rock Steel,Compass Pokémon,1.4,340,1. Sturdy2. Magnet PullSand Force (hidden ability),184,Medium Fast,60,55,145,75,150,40,465
Dusknoir,Ghost,Gripper Pokémon,2.2,106.6,1. PressureFrisk (hidden ability),236,Fast,45,100,135,65,135,45,480
Froslass,Ice Ghost,Snow Land Pokémon,1.3,26.6,1. Snow CloakCursed Body (hidden ability),168,Medium Fast,70,80,70,80,70,110,410
Rotom,Electric Grass,Plasma Pokémon,0.3,0.3,Levitate,182,Medium Fast,50,65,107,105,107,86,470
Uxie,Psychic,Knowledge Pokémon,0.3,0.3,1. Levitate,290,Slow,75,75,130,75,130,95,505
Mesprit,Psychic,Emotion Pokémon,0.3,0.3,1. Levitate,290,Slow,80,105,105,105,105,80,500
Azelf,Psychic,Willpower Pokémon,0.3,0.3,1. Levitate,290,Slow,75,125,70,125,70,115,505
Dialga,Steel Dragon,Temporal Pokémon,7,850,Pressure Telepathy,340,Slow,100,100,120,150,120,90,580
Palkia,Water Dragon,Spatial Pokémon,6.3,660,Pressure Telepathy,340,Slow,90,100,100,150,120,120,590
Heatran,Fire Steel,Lava Dome Pokémon,1.7,430,1. Flash FireFlame Body (hidden ability),300,Slow,91,90,106,130,106,77,509
Regigigas,Normal,Colossal Pokémon,3.7,420,1. Slow Start,302,Slow,110,160,110,80,110,100,560
Giratina,Ghost Dragon,Renegade Pokémon,6.9,650,Levitate,340,Slow,150,120,100,120,100,90,530
Cresselia,Psychic,Lunar Pokémon,1.5,85.6,1. Levitate,290,Slow,120,70,110,75,120,85,460
Phione,Water,Sea Drifter Pokémon,0.4,3.1,1. Hydration,216,Slow,80,80,80,80,80,80,400
Manaphy,Water,Seafaring Pokémon,0.3,1.4,1. Hydration,270,Slow,100,100,100,100,100,100,500
Darkrai,Dark,Pitch-Black Pokémon,1.5,50.5,1. Bad Dreams,270,Slow,70,90,90,135,90,125,530
Shaymin,Grass Flying,Gratitude Pokémon,0.4,5.2,Serene Grace,270,Medium Slow,100,103,75,120,75,127,500
Arceus,Normal,Alpha Pokémon,3.2,320,1. Multitype,360,Slow,120,120,120,120,120,120,600
Victini,Psychic Fire,Victory Pokémon,0.4,4,1. Victory Star,270,Slow,100,100,100,100,100,100,500
Snivy,Grass,Grass Snake Pokémon,0.6,8.1,1. OvergrowContrary (hidden ability),62,Medium Slow,45,45,55,45,55,63,263
Servine,Grass,Grass Snake Pokémon,0.8,16,1. OvergrowContrary (hidden ability),145,Medium Slow,60,60,75,60,75,83,353
Serperior,Grass,Regal Pokémon,3.3,63,1. OvergrowContrary (hidden ability),238,Medium Slow,75,75,95,75,95,113,453
Tepig,Fire,Fire Pig Pokémon,0.5,9.9,1. BlazeThick Fat (hidden ability),62,Medium Slow,65,63,45,45,45,45,243
Pignite,Fire Fighting,Fire Pig Pokémon,1,55.5,1. BlazeThick Fat (hidden ability),146,Medium Slow,90,93,55,70,55,55,328
Emboar,Fire Fighting,Mega Fire Pig Pokémon,1.6,150,1. BlazeReckless (hidden ability),238,Medium Slow,110,123,65,100,65,65,418
Oshawott,Water,Sea Otter Pokémon,0.5,5.9,1. TorrentShell Armor (hidden ability),62,Medium Slow,55,55,45,63,45,45,253
Dewott,Water,Discipline Pokémon,0.8,24.5,1. TorrentShell Armor (hidden ability),145,Medium Slow,75,75,60,83,60,60,338
Samurott,Water Dark,Formidable Pokémon,1.5,58.2,Torrent Sharpness,264,Medium Slow,90,108,80,100,65,85,438
Patrat,Normal,Scout Pokémon,0.5,11.6,1. Run Away2. Keen EyeAnalytic (hidden ability),51,Medium Fast,45,55,39,35,39,42,210
Watchog,Normal,Lookout Pokémon,1.1,27,1. Illuminate2. Keen EyeAnalytic (hidden ability),147,Medium Fast,60,85,69,60,69,77,360
Lillipup,Normal,Puppy Pokémon,0.4,4.1,1. Vital Spirit2. PickupRun Away (hidden ability),55,Medium Slow,45,60,45,25,45,55,230
Herdier,Normal,Loyal Dog Pokémon,0.9,14.7,1. Intimidate2. Sand RushScrappy (hidden ability),130,Medium Slow,65,80,65,35,65,60,305
Stoutland,Normal,Big-Hearted Pokémon,1.2,61,1. Intimidate2. Sand RushScrappy (hidden ability),225,Medium Slow,85,110,90,45,90,80,415
Purrloin,Dark,Devious Pokémon,0.4,10.1,1. Limber2. UnburdenPrankster (hidden ability),56,Medium Fast,41,50,37,50,37,66,240
Liepard,Dark,Cruel Pokémon,1.1,37.5,1. Limber2. UnburdenPrankster (hidden ability),156,Medium Fast,64,88,50,88,50,106,382
Pansage,Grass,Grass Monkey Pokémon,0.6,10.5,1. GluttonyOvergrow (hidden ability),63,Medium Fast,50,53,48,53,48,64,266
Simisage,Grass,Thorn Monkey Pokémon,1.1,30.5,1. GluttonyOvergrow (hidden ability),174,Medium Fast,75,98,63,98,63,101,423
Pansear,Fire,High Temp Pokémon,0.6,11,1. GluttonyBlaze (hidden ability),63,Medium Fast,50,53,48,53,48,64,266
Simisear,Fire,Ember Pokémon,1,28,1. GluttonyBlaze (hidden ability),174,Medium Fast,75,98,63,98,63,101,423
Panpour,Water,Spray Pokémon,0.6,13.5,1. GluttonyTorrent (hidden ability),63,Medium Fast,50,53,48,53,48,64,266
Simipour,Water,Geyser Pokémon,1,29,1. GluttonyTorrent (hidden ability),174,Medium Fast,75,98,63,98,63,101,423
Munna,Psychic,Dream Eater Pokémon,0.6,23.3,1. Forewarn2. SynchronizeTelepathy (hidden ability),58,Fast,76,25,45,67,55,24,216
Musharna,Psychic,Drowsing Pokémon,1.1,60.5,1. Forewarn2. SynchronizeTelepathy (hidden ability),170,Fast,116,55,85,107,95,29,371
Pidove,Normal Flying,Tiny Pigeon Pokémon,0.3,2.1,1. Big Pecks2. Super LuckRivalry (hidden ability),53,Medium Slow,50,55,50,36,30,43,214
Tranquill,Normal Flying,Wild Pigeon Pokémon,0.6,15,1. Big Pecks2. Super LuckRivalry (hidden ability),125,Medium Slow,62,77,62,50,42,65,296
Unfezant,Normal Flying,Proud Pokémon,1.2,29,1. Big Pecks2. Super LuckRivalry (hidden ability),220,Medium Slow,80,115,80,65,55,93,408
Blitzle,Electric,Electrified Pokémon,0.8,29.8,1. Lightning Rod2. Motor DriveSap Sipper (hidden ability),59,Medium Fast,45,60,32,50,32,76,250
Zebstrika,Electric,Thunderbolt Pokémon,1.6,79.5,1. Lightning Rod2. Motor DriveSap Sipper (hidden ability),174,Medium Fast,75,100,63,80,63,116,422
Roggenrola,Rock,Mantle Pokémon,0.4,18,1. Sturdy2. Weak ArmorSand Force (hidden ability),56,Medium Slow,55,75,85,25,25,15,225
Boldore,Rock,Ore Pokémon,0.9,102,1. Sturdy2. Weak ArmorSand Force (hidden ability),137,Medium Slow,70,105,105,50,40,20,320
Gigalith,Rock,Compressed Pokémon,1.7,260,1. Sturdy2. Sand StreamSand Force (hidden ability),232,Medium Slow,85,135,130,60,80,25,430
Woobat,Psychic Flying,Bat Pokémon,0.4,2.1,1. Unaware2. KlutzSimple (hidden ability),65,Medium Fast,65,45,43,55,43,72,258
Swoobat,Psychic Flying,Courting Pokémon,0.9,10.5,1. Unaware2. KlutzSimple (hidden ability),149,Medium Fast,67,57,55,77,55,114,358
Drilbur,Ground,Mole Pokémon,0.3,8.5,1. Sand Rush2. Sand ForceMold Breaker (hidden ability),66,Medium Fast,60,85,40,30,45,68,268
Excadrill,Ground Steel,Subterrene Pokémon,0.7,40.4,1. Sand Rush2. Sand ForceMold Breaker (hidden ability),178,Medium Fast,110,135,60,50,65,88,398
Audino,Normal Fairy,Hearing Pokémon,1.5,32,Healer,425,Fast,103,60,126,80,126,50,442
Timburr,Fighting,Muscular Pokémon,0.6,12.5,1. Guts2. Sheer ForceIron Fist (hidden ability),61,Medium Slow,75,80,55,25,35,35,230
Gurdurr,Fighting,Muscular Pokémon,1.2,40,1. Guts2. Sheer ForceIron Fist (hidden ability),142,Medium Slow,85,105,85,40,50,40,320
Conkeldurr,Fighting,Muscular Pokémon,1.4,87,1. Guts2. Sheer ForceIron Fist (hidden ability),227,Medium Slow,105,140,95,55,65,45,400
Tympole,Water,Tadpole Pokémon,0.5,4.5,1. Swift Swim2. HydrationWater Absorb (hidden ability),59,Medium Slow,50,50,40,50,40,64,244
Palpitoad,Water Ground,Vibration Pokémon,0.8,17,1. Swift Swim2. HydrationWater Absorb (hidden ability),134,Medium Slow,75,65,55,65,55,69,309
Seismitoad,Water Ground,Vibration Pokémon,1.5,62,1. Swift Swim2. Poison TouchWater Absorb (hidden ability),229,Medium Slow,105,95,75,85,75,74,404
Throh,Fighting,Judo Pokémon,1.3,55.5,1. Guts2. Inner FocusMold Breaker (hidden ability),163,Medium Fast,120,100,85,30,85,45,345
Sawk,Fighting,Karate Pokémon,1.4,51,1. Sturdy2. Inner FocusMold Breaker (hidden ability),163,Medium Fast,75,125,75,30,75,85,390
Sewaddle,Bug Grass,Sewing Pokémon,0.3,2.5,1. Swarm2. ChlorophyllOvercoat (hidden ability),62,Medium Slow,45,53,70,40,60,42,265
Swadloon,Bug Grass,Leaf-Wrapped Pokémon,0.5,7.3,1. Leaf Guard2. ChlorophyllOvercoat (hidden ability),133,Medium Slow,55,63,90,50,80,42,325
Leavanny,Bug Grass,Nurturing Pokémon,1.2,20.5,1. Swarm2. ChlorophyllOvercoat (hidden ability),225,Medium Slow,75,103,80,70,80,92,425
Venipede,Bug Poison,Centipede Pokémon,0.4,5.3,1. Poison Point2. SwarmSpeed Boost (hidden ability),52,Medium Slow,30,45,59,30,39,57,230
Whirlipede,Bug Poison,Curlipede Pokémon,1.2,58.5,1. Poison Point2. SwarmSpeed Boost (hidden ability),126,Medium Slow,40,55,99,40,79,47,320
Scolipede,Bug Poison,Megapede Pokémon,2.5,200.5,1. Poison Point2. SwarmSpeed Boost (hidden ability),218,Medium Slow,60,100,89,55,69,112,425
Cottonee,Grass Fairy,Cotton Puff Pokémon,0.3,0.6,1. Prankster2. InfiltratorChlorophyll (hidden ability),56,Medium Fast,40,27,60,37,50,66,240
Whimsicott,Grass Fairy,Windveiled Pokémon,0.7,6.6,1. Prankster2. InfiltratorChlorophyll (hidden ability),168,Medium Fast,60,67,85,77,75,116,420
Petilil,Grass,Bulb Pokémon,0.5,6.6,1. Chlorophyll2. Own TempoLeaf Guard (hidden ability),56,Medium Fast,45,35,50,70,50,30,235
Lilligant,Grass Fighting,Spinning Pokémon,1.2,19.2,Chlorophyll Hustle Leaf Guard,168,Medium Fast,70,105,75,50,75,105,410
Basculin,Water,Mellow Pokémon,1,18,Rattled Adaptability Mold Breaker,161,Medium Fast,70,92,65,80,55,98,390
Sandile,Ground Dark,Desert Croc Pokémon,0.7,15.2,1. Intimidate2. MoxieAnger Point (hidden ability),58,Medium Slow,50,72,35,35,35,65,242
Krokorok,Ground Dark,Desert Croc Pokémon,1,33.4,1. Intimidate2. MoxieAnger Point (hidden ability),123,Medium Slow,60,82,45,45,45,74,291
Krookodile,Ground Dark,Intimidation Pokémon,1.5,96.3,1. Intimidate2. MoxieAnger Point (hidden ability),260,Medium Slow,95,117,80,65,70,92,424
Darumaka,Ice,Zen Charm Pokémon,0.7,40,Hustle Inner Focus,63,Medium Slow,70,90,45,15,45,50,245
Darmanitan,Ice Fire,Zen Charm Pokémon,1.7,120,Gorilla Tactics Zen Mode,168,Medium Slow,105,160,55,30,55,135,435
Maractus,Grass,Cactus Pokémon,1,28,1. Water Absorb2. ChlorophyllStorm Drain (hidden ability),161,Medium Fast,75,86,67,106,67,60,386
Dwebble,Bug Rock,Rock Inn Pokémon,0.3,14.5,1. Sturdy2. Shell ArmorWeak Armor (hidden ability),65,Medium Fast,50,65,85,35,35,55,275
Crustle,Bug Rock,Stone Home Pokémon,1.4,200,1. Sturdy2. Shell ArmorWeak Armor (hidden ability),170,Medium Fast,70,105,125,65,75,45,415
Scraggy,Dark Fighting,Shedding Pokémon,0.6,11.8,1. Shed Skin2. MoxieIntimidate (hidden ability),70,Medium Fast,50,75,70,35,70,48,298
Scrafty,Dark Fighting,Hoodlum Pokémon,1.1,30,1. Shed Skin2. MoxieIntimidate (hidden ability),171,Medium Fast,65,90,115,45,115,58,423
Sigilyph,Psychic Flying,Avianoid Pokémon,1.4,14,1. Wonder Skin2. Magic GuardTinted Lens (hidden ability),172,Medium Fast,72,58,80,103,80,97,418
Yamask,Ground Ghost,Spirit Pokémon,0.5,1.5,Wandering Spirit,61,Medium Fast,38,55,85,30,65,30,265
Cofagrigus,Ghost,Coffin Pokémon,1.7,76.5,1. Mummy,169,Medium Fast,58,50,145,95,105,30,425
Tirtouga,Water Rock,Prototurtle Pokémon,0.7,16.5,1. Solid Rock2. SturdySwift Swim (hidden ability),71,Medium Fast,54,78,103,53,45,22,301
Carracosta,Water Rock,Prototurtle Pokémon,1.2,81,1. Solid Rock2. SturdySwift Swim (hidden ability),173,Medium Fast,74,108,133,83,65,32,421
Archen,Rock Flying,First Bird Pokémon,0.5,9.5,1. Defeatist,71,Medium Fast,55,112,45,74,45,70,346
Archeops,Rock Flying,First Bird Pokémon,1.4,32,1. Defeatist,177,Medium Fast,75,140,65,112,65,110,492
Trubbish,Poison,Trash Bag Pokémon,0.6,31,1. Stench2. Sticky HoldAftermath (hidden ability),66,Medium Fast,50,50,62,40,62,65,279
Garbodor,Poison,Trash Heap Pokémon,1.9,107.3,1. Stench2. Weak ArmorAftermath (hidden ability),166,Medium Fast,80,95,82,60,82,75,394
Zorua,Normal Ghost,Spiteful Fox Pokémon,0.7,12.5,Illusion,66,Medium Slow,35,60,40,85,40,70,295
Zoroark,Normal Ghost,Baneful Fox Pokémon,1.6,73,Illusion,179,Medium Slow,55,100,60,125,60,110,455
Minccino,Normal,Chinchilla Pokémon,0.4,5.8,1. Cute Charm2. TechnicianSkill Link (hidden ability),60,Fast,55,50,40,40,40,75,245
Cinccino,Normal,Scarf Pokémon,0.5,7.5,1. Cute Charm2. TechnicianSkill Link (hidden ability),165,Fast,75,95,60,65,60,115,395
Gothita,Psychic,Fixation Pokémon,0.4,5.8,1. Frisk2. CompetitiveShadow Tag (hidden ability),58,Medium Slow,45,30,50,55,65,45,245
Gothorita,Psychic,Manipulate Pokémon,0.7,18,1. Frisk2. CompetitiveShadow Tag (hidden ability),137,Medium Slow,60,45,70,75,85,55,330
Gothitelle,Psychic,Astral Body Pokémon,1.5,44,1. Frisk2. CompetitiveShadow Tag (hidden ability),245,Medium Slow,70,55,95,95,110,65,420
Solosis,Psychic,Cell Pokémon,0.3,1,1. Overcoat2. Magic GuardRegenerator (hidden ability),58,Medium Slow,45,30,40,105,50,20,245
Duosion,Psychic,Mitosis Pokémon,0.6,8,1. Overcoat2. Magic GuardRegenerator (hidden ability),130,Medium Slow,65,40,50,125,60,30,305
Reuniclus,Psychic,Multiplying Pokémon,1,20.1,1. Overcoat2. Magic GuardRegenerator (hidden ability),221,Medium Slow,110,65,75,125,85,30,380
Ducklett,Water Flying,Water Bird Pokémon,0.5,5.5,1. Keen Eye2. Big PecksHydration (hidden ability),61,Medium Fast,62,44,50,44,50,55,243
Swanna,Water Flying,White Bird Pokémon,1.3,24.2,1. Keen Eye2. Big PecksHydration (hidden ability),166,Medium Fast,75,87,63,87,63,98,398
Vanillite,Ice,Fresh Snow Pokémon,0.4,5.7,1. Ice Body2. Snow CloakWeak Armor (hidden ability),61,Slow,36,50,50,65,60,44,269
Vanillish,Ice,Icy Snow Pokémon,1.1,41,1. Ice Body2. Snow CloakWeak Armor (hidden ability),138,Slow,51,65,65,80,75,59,344
Vanilluxe,Ice,Snowstorm Pokémon,1.3,57.5,1. Ice Body2. Snow WarningWeak Armor (hidden ability),241,Slow,71,95,85,110,95,79,464
Deerling,Normal Grass,Season Pokémon,0.6,19.5,1. Chlorophyll2. Sap SipperSerene Grace (hidden ability),67,Medium Fast,60,60,50,40,50,75,275
Sawsbuck,Normal Grass,Season Pokémon,1.9,92.5,1. Chlorophyll2. Sap SipperSerene Grace (hidden ability),166,Medium Fast,80,100,70,60,70,95,395
Emolga,Electric Flying,Sky Squirrel Pokémon,0.4,5,1. StaticMotor Drive (hidden ability),150,Medium Fast,55,75,60,75,60,103,373
Karrablast,Bug,Clamping Pokémon,0.5,5.9,1. Swarm2. Shed SkinNo Guard (hidden ability),63,Medium Fast,50,75,45,40,45,60,265
Escavalier,Bug Steel,Cavalry Pokémon,1,33,1. Swarm2. Shell ArmorOvercoat (hidden ability),173,Medium Fast,70,135,105,60,105,20,425
Foongus,Grass Poison,Mushroom Pokémon,0.2,1,1. Effect SporeRegenerator (hidden ability),59,Medium Fast,69,55,45,55,55,15,225
Amoonguss,Grass Poison,Mushroom Pokémon,0.6,10.5,1. Effect SporeRegenerator (hidden ability),162,Medium Fast,114,85,70,85,80,30,350
Frillish,Water Ghost,Floating Pokémon,1.2,33,1. Water Absorb2. Cursed BodyDamp (hidden ability),67,Medium Fast,55,40,50,65,85,40,280
Jellicent,Water Ghost,Floating Pokémon,2.2,135,1. Water Absorb2. Cursed BodyDamp (hidden ability),168,Medium Fast,100,60,70,85,105,60,380
Alomomola,Water,Caring Pokémon,1.2,31.6,1. Healer2. HydrationRegenerator (hidden ability),165,Fast,165,75,80,40,45,65,305
Joltik,Bug Electric,Attaching Pokémon,0.1,0.6,1. Compound Eyes2. UnnerveSwarm (hidden ability),64,Medium Fast,50,47,50,57,50,65,269
Galvantula,Bug Electric,EleSpider Pokémon,0.8,14.3,1. Compound Eyes2. UnnerveSwarm (hidden ability),165,Medium Fast,70,77,60,97,60,108,402
Ferroseed,Grass Steel,Thorn Seed Pokémon,0.6,18.8,1. Iron Barbs,61,Medium Fast,44,50,91,24,86,10,261
Ferrothorn,Grass Steel,Thorn Pod Pokémon,1,110,1. Iron BarbsAnticipation (hidden ability),171,Medium Fast,74,94,131,54,116,20,415
Klink,Steel,Gear Pokémon,0.3,21,1. Plus2. MinusClear Body (hidden ability),60,Medium Slow,40,55,70,45,60,30,260
Klang,Steel,Gear Pokémon,0.6,51,1. Plus2. MinusClear Body (hidden ability),154,Medium Slow,60,80,95,70,85,50,380
Klinklang,Steel,Gear Pokémon,0.6,81,1. Plus2. MinusClear Body (hidden ability),234,Medium Slow,60,100,115,70,85,90,460
Tynamo,Electric,EleFish Pokémon,0.2,0.3,1. Levitate,55,Slow,35,55,40,45,40,60,240
Eelektrik,Electric,EleFish Pokémon,1.2,22,1. Levitate,142,Slow,65,85,70,75,70,40,340
Eelektross,Electric,EleFish Pokémon,2.1,80.5,1. Levitate,258,Slow,85,115,80,105,80,50,430
Elgyem,Psychic,Cerebral Pokémon,0.5,9,1. Telepathy2. SynchronizeAnalytic (hidden ability),67,Medium Fast,55,55,55,85,55,30,280
Beheeyem,Psychic,Cerebral Pokémon,1,34.5,1. Telepathy2. SynchronizeAnalytic (hidden ability),170,Medium Fast,75,75,75,125,95,40,410
Litwick,Ghost Fire,Candle Pokémon,0.3,3.1,1. Flash Fire2. Flame BodyInfiltrator (hidden ability),55,Medium Slow,50,30,55,65,55,20,225
Lampent,Ghost Fire,Lamp Pokémon,0.6,13,1. Flash Fire2. Flame BodyInfiltrator (hidden ability),130,Medium Slow,60,40,60,95,60,55,310
Chandelure,Ghost Fire,Luring Pokémon,1,34.3,1. Flash Fire2. Flame BodyInfiltrator (hidden ability),234,Medium Slow,60,55,90,145,90,80,460
Axew,Dragon,Tusk Pokémon,0.6,18,1. Rivalry2. Mold BreakerUnnerve (hidden ability),64,Slow,46,87,60,30,40,57,274
Fraxure,Dragon,Axe Jaw Pokémon,1,36,1. Rivalry2. Mold BreakerUnnerve (hidden ability),144,Slow,66,117,70,40,50,67,344
Haxorus,Dragon,Axe Jaw Pokémon,1.8,105.5,1. Rivalry2. Mold BreakerUnnerve (hidden ability),270,Slow,76,147,90,60,70,97,464
Cubchoo,Ice,Chill Pokémon,0.5,8.5,1. Snow Cloak2. Slush RushRattled (hidden ability),61,Medium Fast,55,70,40,60,40,40,250
Beartic,Ice,Freezing Pokémon,2.6,260,1. Snow Cloak2. Slush RushSwift Swim (hidden ability),177,Medium Fast,95,130,80,70,80,50,410
Cryogonal,Ice,Crystallizing Pokémon,1.1,148,1. Levitate,180,Medium Fast,80,50,50,95,135,105,435
Shelmet,Bug,Snail Pokémon,0.4,7.7,1. Hydration2. Shell ArmorOvercoat (hidden ability),61,Medium Fast,50,40,85,40,65,25,255
Accelgor,Bug,Shell Out Pokémon,0.8,25.3,1. Hydration2. Sticky HoldUnburden (hidden ability),173,Medium Fast,80,70,40,100,60,145,415
Stunfisk,Ground Steel,Trap Pokémon,0.7,20.5,Mimicry,165,Medium Fast,109,81,99,66,84,32,362
Mienfoo,Fighting,Martial Arts Pokémon,0.9,20,1. Inner Focus2. RegeneratorReckless (hidden ability),70,Medium Slow,45,85,50,55,50,65,305
Mienshao,Fighting,Martial Arts Pokémon,1.4,35.5,1. Inner Focus2. RegeneratorReckless (hidden ability),179,Medium Slow,65,125,60,95,60,105,445
Druddigon,Dragon,Cave Pokémon,1.6,139,1. Rough Skin2. Sheer ForceMold Breaker (hidden ability),170,Medium Fast,77,120,90,60,90,48,408
Golett,Ground Ghost,Automaton Pokémon,1,92,1. Iron Fist2. KlutzNo Guard (hidden ability),61,Medium Fast,59,74,50,35,50,35,244
Golurk,Ground Ghost,Automaton Pokémon,2.8,330,1. Iron Fist2. KlutzNo Guard (hidden ability),169,Medium Fast,89,124,80,55,80,55,394
Pawniard,Dark Steel,Sharp Blade Pokémon,0.5,10.2,1. Defiant2. Inner FocusPressure (hidden ability),68,Medium Fast,45,85,70,40,40,60,295
Bisharp,Dark Steel,Sword Blade Pokémon,1.6,70,1. Defiant2. Inner FocusPressure (hidden ability),172,Medium Fast,65,125,100,60,70,70,425
Bouffalant,Normal,Bash Buffalo Pokémon,1.6,94.6,1. Reckless2. Sap SipperSoundproof (hidden ability),172,Medium Fast,95,110,95,40,95,55,395
Rufflet,Normal Flying,Eaglet Pokémon,0.5,10.5,1. Keen Eye2. Sheer ForceHustle (hidden ability),70,Slow,70,83,50,37,50,60,280
Braviary,Psychic Flying,Battle Cry Pokémon,1.7,43.4,Keen Eye Sheer Force Tinted Lens,179,Slow,110,83,70,112,70,65,400
Vullaby,Dark Flying,Diapered Pokémon,0.5,9,1. Big Pecks2. OvercoatWeak Armor (hidden ability),74,Slow,70,55,75,45,65,60,300
Mandibuzz,Dark Flying,Bone Vulture Pokémon,1.2,39.5,1. Big Pecks2. OvercoatWeak Armor (hidden ability),179,Slow,110,65,105,55,95,80,400
Heatmor,Fire,Anteater Pokémon,1.4,58,1. Gluttony2. Flash FireWhite Smoke (hidden ability),169,Medium Fast,85,97,66,105,66,65,399
Durant,Bug Steel,Iron Ant Pokémon,0.3,33,1. Swarm2. HustleTruant (hidden ability),169,Medium Fast,58,109,112,48,48,109,426
Deino,Dark Dragon,Irate Pokémon,0.8,17.3,1. Hustle,60,Slow,52,65,50,45,50,38,248
Zweilous,Dark Dragon,Hostile Pokémon,1.4,50,1. Hustle,147,Slow,72,85,70,65,70,58,348
Hydreigon,Dark Dragon,Brutal Pokémon,1.8,160,1. Levitate,300,Slow,92,105,90,125,90,98,508
Larvesta,Bug Fire,Torch Pokémon,1.1,28.8,1. Flame BodySwarm (hidden ability),72,Slow,55,85,55,50,55,60,305
Volcarona,Bug Fire,Sun Pokémon,1.6,46,1. Flame BodySwarm (hidden ability),275,Slow,85,60,65,135,105,100,465
Cobalion,Steel Fighting,Iron Will Pokémon,2.1,250,1. Justified,261,Slow,91,90,129,90,72,108,489
Terrakion,Rock Fighting,Cavern Pokémon,1.9,260,1. Justified,261,Slow,91,129,90,72,90,108,489
Virizion,Grass Fighting,Grassland Pokémon,2,200,1. Justified,261,Slow,91,90,72,90,129,108,489
Tornadus,Flying,Cyclone Pokémon,1.4,63,Regenerator,290,Slow,79,100,80,110,90,121,501
Thundurus,Electric Flying,Bolt Strike Pokémon,3,61,Volt Absorb,290,Slow,79,105,70,145,80,101,501
Reshiram,Dragon Fire,Vast White Pokémon,3.2,330,1. Turboblaze,306,Slow,100,120,100,150,120,90,580
Zekrom,Dragon Electric,Deep Black Pokémon,2.9,345,1. Teravolt,306,Slow,100,150,120,120,100,90,580
Landorus,Ground Flying,Abundance Pokémon,1.3,68,Intimidate,300,Slow,89,145,90,105,80,91,511
Kyurem,Dragon Ice,Boundary Pokémon,3.3,325,Teravolt,315,Slow,125,170,100,120,90,95,575
Keldeo,Water Fighting,Colt Pokémon,1.4,48.5,Justified,261,Slow,91,72,90,129,90,108,489
Meloetta,Normal Fighting,Melody Pokémon,0.6,6.5,Serene Grace,300,Slow,100,128,90,77,77,128,500
Genesect,Bug Steel,Paleozoic Pokémon,1.5,82.5,1. Download,270,Slow,71,120,95,120,95,99,529
Chespin,Grass,Spiny Nut Pokémon,0.4,9,1. OvergrowBulletproof (hidden ability),63,Medium Slow,56,61,65,48,45,38,257
Quilladin,Grass,Spiny Armor Pokémon,0.7,29,1. OvergrowBulletproof (hidden ability),142,Medium Slow,61,78,95,56,58,57,344
Chesnaught,Grass Fighting,Spiny Armor Pokémon,1.6,90,1. OvergrowBulletproof (hidden ability),265,Medium Slow,88,107,122,74,75,64,442
Fennekin,Fire,Fox Pokémon,0.4,9.4,1. BlazeMagician (hidden ability),61,Medium Slow,40,45,40,62,60,60,267
Braixen,Fire,Fox Pokémon,1,14.5,1. BlazeMagician (hidden ability),143,Medium Slow,59,59,58,90,70,73,350
Delphox,Fire Psychic,Fox Pokémon,1.5,39,1. BlazeMagician (hidden ability),267,Medium Slow,75,69,72,114,100,104,459
Froakie,Water,Bubble Frog Pokémon,0.3,7,1. TorrentProtean (hidden ability),63,Medium Slow,41,56,40,62,44,71,273
Frogadier,Water,Bubble Frog Pokémon,0.6,10.9,1. TorrentProtean (hidden ability),142,Medium Slow,54,63,52,83,56,97,351
Greninja,Water Dark,Ninja Pokémon,1.5,40,Battle Bond,265,Medium Slow,72,145,67,153,71,132,568
Bunnelby,Normal,Digging Pokémon,0.4,5,1. Pickup2. Cheek PouchHuge Power (hidden ability),47,Medium Fast,38,36,38,32,36,57,199
Diggersby,Normal Ground,Digging Pokémon,1,42.4,1. Pickup2. Cheek PouchHuge Power (hidden ability),148,Medium Fast,85,56,77,50,77,78,338
Fletchling,Normal Flying,Tiny Robin Pokémon,0.3,1.7,1. Big PecksGale Wings (hidden ability),56,Medium Slow,45,50,43,40,38,62,233
Fletchinder,Fire Flying,Ember Pokémon,0.7,16,1. Flame BodyGale Wings (hidden ability),134,Medium Slow,62,73,55,56,52,84,320
Talonflame,Fire Flying,Scorching Pokémon,1.2,24.5,1. Flame BodyGale Wings (hidden ability),175,Medium Slow,78,81,71,74,69,126,421
Scatterbug,Bug,Scatterdust Pokémon,0.3,2.5,1. Shield Dust2. Compound EyesFriend Guard (hidden ability),40,Medium Fast,38,35,40,27,25,35,162
Spewpa,Bug,Scatterdust Pokémon,0.3,8.4,1. Shed SkinFriend Guard (hidden ability),75,Medium Fast,45,22,60,27,30,29,168
Vivillon,Bug Flying,Scale Pokémon,1.2,17,1. Shield Dust2. Compound EyesFriend Guard (hidden ability),206,Medium Fast,80,52,50,90,50,89,331
Litleo,Fire Normal,Lion Cub Pokémon,0.6,13.5,1. Rivalry2. UnnerveMoxie (hidden ability),74,Medium Slow,62,50,58,73,54,72,307
Pyroar,Fire Normal,Royal Pokémon,1.5,81.5,1. Rivalry2. UnnerveMoxie (hidden ability),177,Medium Slow,86,68,72,109,66,106,421
Floette,Fairy,Single Bloom Pokémon,0.2,0.9,1. Flower VeilSymbiosis (hidden ability),130,Medium Fast,54,45,47,75,98,52,317
Florges,Fairy,Garden Pokémon,1.1,10,1. Flower VeilSymbiosis (hidden ability),276,Medium Fast,78,65,68,112,154,75,474
Skiddo,Grass,Mount Pokémon,0.9,31,1. Sap SipperGrass Pelt (hidden ability),70,Medium Fast,66,65,48,62,57,52,284
Gogoat,Grass,Mount Pokémon,1.7,91,1. Sap SipperGrass Pelt (hidden ability),186,Medium Fast,123,100,62,97,81,68,408
Pancham,Fighting,Playful Pokémon,0.6,8,1. Iron Fist2. Mold BreakerScrappy (hidden ability),70,Medium Fast,67,82,62,46,48,43,281
Pangoro,Fighting Dark,Daunting Pokémon,2.1,136,1. Iron Fist2. Mold BreakerScrappy (hidden ability),173,Medium Fast,95,124,78,69,71,58,400
Furfrou,Normal,Poodle Pokémon,1.2,28,1. Fur Coat,165,Medium Fast,75,80,60,65,90,102,397
Espurr,Psychic,Restraint Pokémon,0.3,3.5,1. Keen Eye2. InfiltratorOwn Tempo (hidden ability),71,Medium Fast,62,48,54,63,60,68,293
Meowstic,Psychic,Constraint Pokémon,0.6,8.5,Keen Eye Infiltrator Competitive,163,Medium Fast,74,48,76,83,81,104,392
Honedge,Steel Ghost,Sword Pokémon,0.8,2,1. No Guard,65,Medium Fast,45,80,100,35,37,28,280
Doublade,Steel Ghost,Sword Pokémon,0.8,4.5,1. No Guard,157,Medium Fast,59,110,150,45,49,35,389
Aegislash,Steel Ghost,Royal Sword Pokémon,1.7,53,Stance Change,234,Medium Fast,60,140,50,140,50,60,440
Spritzee,Fairy,Perfume Pokémon,0.2,0.5,1. HealerAroma Veil (hidden ability),68,Medium Fast,78,52,60,63,65,23,263
Aromatisse,Fairy,Fragrance Pokémon,0.8,15.5,1. HealerAroma Veil (hidden ability),162,Medium Fast,101,72,72,99,89,29,361
Swirlix,Fairy,Cotton Candy Pokémon,0.4,3.5,1. Sweet VeilUnburden (hidden ability),68,Medium Fast,62,48,66,59,57,49,279
Slurpuff,Fairy,Meringue Pokémon,0.8,5,1. Sweet VeilUnburden (hidden ability),168,Medium Fast,82,80,86,85,75,72,398
Inkay,Dark Psychic,Revolving Pokémon,0.4,3.5,1. Contrary2. Suction CupsInfiltrator (hidden ability),58,Medium Fast,53,54,53,37,46,45,235
Malamar,Dark Psychic,Overturning Pokémon,1.5,47,1. Contrary2. Suction CupsInfiltrator (hidden ability),169,Medium Fast,86,92,88,68,75,73,396
Binacle,Rock Water,Two-Handed Pokémon,0.5,31,1. Sniper2. Tough ClawsPickpocket (hidden ability),61,Medium Fast,42,52,67,39,56,50,264
Barbaracle,Rock Water,Collective Pokémon,1.3,96,1. Sniper2. Tough ClawsPickpocket (hidden ability),175,Medium Fast,72,105,115,54,86,68,428
Skrelp,Poison Water,Mock Kelp Pokémon,0.5,7.3,1. Poison Point2. Poison TouchAdaptability (hidden ability),64,Medium Fast,50,60,60,60,60,30,270
Dragalge,Poison Dragon,Mock Kelp Pokémon,1.8,81.5,1. Poison Point2. Poison TouchAdaptability (hidden ability),173,Medium Fast,65,75,90,97,123,44,429
Clauncher,Water,Water Gun Pokémon,0.5,8.3,1. Mega Launcher,66,Slow,50,53,62,58,63,44,280
Clawitzer,Water,Howitzer Pokémon,1.3,35.3,1. Mega Launcher,100,Slow,71,73,88,120,89,59,429
Helioptile,Electric Normal,Generator Pokémon,0.5,6,1. Dry Skin2. Sand VeilSolar Power (hidden ability),58,Medium Fast,44,38,33,61,43,70,245
Heliolisk,Electric Normal,Generator Pokémon,1,21,1. Dry Skin2. Sand VeilSolar Power (hidden ability),168,Medium Fast,62,55,52,109,94,109,419
Tyrunt,Rock Dragon,Royal Heir Pokémon,0.8,26,1. Strong JawSturdy (hidden ability),72,Medium Fast,58,89,77,45,45,48,304
Tyrantrum,Rock Dragon,Despot Pokémon,2.5,270,1. Strong JawRock Head (hidden ability),182,Medium Fast,82,121,119,69,59,71,439
Amaura,Rock Ice,Tundra Pokémon,1.3,25.2,1. RefrigerateSnow Warning (hidden ability),72,Medium Fast,77,59,50,67,63,46,285
Aurorus,Rock Ice,Tundra Pokémon,2.7,225,1. RefrigerateSnow Warning (hidden ability),104,Medium Fast,123,77,72,99,92,58,398
Sylveon,Fairy,Intertwining Pokémon,1,23.5,1. Cute CharmPixilate (hidden ability),184,Medium Fast,95,65,65,110,130,60,430
Hawlucha,Fighting Flying,Wrestling Pokémon,0.8,21.5,1. Limber2. UnburdenMold Breaker (hidden ability),175,Medium Fast,78,92,75,74,63,118,422
Dedenne,Electric Fairy,Antenna Pokémon,0.2,2.2,1. Cheek Pouch2. PickupPlus (hidden ability),151,Medium Fast,67,58,57,81,67,101,364
Carbink,Rock Fairy,Jewel Pokémon,0.3,5.7,1. Clear BodySturdy (hidden ability),100,Slow,50,50,150,50,150,50,450
Goomy,Dragon,Soft Tissue Pokémon,0.3,2.8,1. Sap Sipper2. HydrationGooey (hidden ability),60,Slow,45,50,35,55,75,40,255
Sliggoo,Steel Dragon,Snail Pokémon,0.7,68.5,Sap Sipper Shell Armor Gooey,158,Slow,58,75,83,83,113,40,394
Goodra,Steel Dragon,Shell Bunker Pokémon,1.7,334.1,Sap Sipper Shell Armor Gooey,300,Slow,80,100,100,110,150,60,520
Klefki,Steel Fairy,Key Ring Pokémon,0.2,3,1. PranksterMagician (hidden ability),165,Fast,57,80,91,80,87,75,413
Phantump,Ghost Grass,Stump Pokémon,0.4,7,1. Natural Cure2. FriskHarvest (hidden ability),62,Medium Fast,43,70,48,50,60,38,266
Trevenant,Ghost Grass,Elder Tree Pokémon,1.5,71,1. Natural Cure2. FriskHarvest (hidden ability),166,Medium Fast,85,110,76,65,82,56,389
Pumpkaboo,Ghost Grass,Pumpkin Pokémon,0.8,15,Pickup Frisk Insomnia,67,Medium Fast,59,66,70,44,55,41,276
Gourgeist,Ghost Grass,Pumpkin Pokémon,1.7,39,Pickup Frisk Insomnia,173,Medium Fast,85,100,122,58,75,54,409
Bergmite,Ice,Ice Chunk Pokémon,1,99.5,1. Own Tempo2. Ice BodySturdy (hidden ability),61,Medium Fast,55,69,85,32,35,28,249
Avalugg,Ice Rock,Iceberg Pokémon,1.4,262.4,Strong Jaw Ice Body Sturdy,180,Medium Fast,95,127,184,34,36,38,419
Noibat,Flying Dragon,Sound Wave Pokémon,0.5,8,1. Frisk2. InfiltratorTelepathy (hidden ability),49,Medium Fast,40,30,35,45,40,55,205
Noivern,Flying Dragon,Sound Wave Pokémon,1.5,85,1. Frisk2. InfiltratorTelepathy (hidden ability),187,Medium Fast,85,70,80,97,80,123,450
Xerneas,Fairy,Life Pokémon,3,215,1. Fairy Aura,306,Slow,126,131,95,131,98,99,554
Yveltal,Dark Flying,Destruction Pokémon,5.8,203,1. Dark Aura,306,Slow,126,131,95,131,98,99,554
Zygarde,Dragon Ground,Order Pokémon,4.5,610,Power Construct,319,Slow,216,100,121,91,95,85,492
Diancie,Rock Fairy,Jewel Pokémon,1.1,27.8,Magic Bounce,315,Slow,50,160,110,160,110,110,650
Hoopa,Psychic Dark,Djinn Pokémon,6.5,490,Magician,340,Slow,80,160,60,170,130,80,600
Volcanion,Fire Water,Steam Pokémon,1.7,195,1. Water Absorb,300,Slow,80,110,120,130,90,70,520
Rowlet,Grass Flying,Grass Quill Pokémon,0.3,1.5,1. OvergrowLong Reach (hidden ability),64,Medium Slow,68,55,55,50,50,42,252
Dartrix,Grass Flying,Blade Quill Pokémon,0.7,16,1. OvergrowLong Reach (hidden ability),147,Medium Slow,78,75,75,70,70,52,342
Decidueye,Grass Fighting,Arrow Quill Pokémon,1.6,37,Overgrow Scrappy,265,Medium Slow,88,112,80,95,95,60,442
Litten,Fire,Fire Cat Pokémon,0.4,4.3,1. BlazeIntimidate (hidden ability),64,Medium Slow,45,65,40,60,40,70,275
Torracat,Fire,Fire Cat Pokémon,0.7,25,1. BlazeIntimidate (hidden ability),147,Medium Slow,65,85,50,80,50,90,355
Incineroar,Fire Dark,Heel Pokémon,1.8,83,1. BlazeIntimidate (hidden ability),239,Medium Slow,95,115,90,80,90,60,435
Popplio,Water,Sea Lion Pokémon,0.4,7.5,1. TorrentLiquid Voice (hidden ability),64,Medium Slow,50,54,54,66,56,40,270
Brionne,Water,Pop Star Pokémon,0.6,17.5,1. TorrentLiquid Voice (hidden ability),147,Medium Slow,60,69,69,91,81,50,360
Primarina,Water Fairy,Soloist Pokémon,1.8,44,1. TorrentLiquid Voice (hidden ability),239,Medium Slow,80,74,74,126,116,60,450
Pikipek,Normal Flying,Woodpecker Pokémon,0.3,1.2,1. Keen Eye2. Skill LinkPickup (hidden ability),53,Medium Fast,35,75,30,30,30,65,230
Trumbeak,Normal Flying,Bugle Beak Pokémon,0.6,14.8,1. Keen Eye2. Skill LinkPickup (hidden ability),124,Medium Fast,55,85,50,40,50,75,300
Toucannon,Normal Flying,Cannon Pokémon,1.1,26,1. Keen Eye2. Skill LinkSheer Force (hidden ability),218,Medium Fast,80,120,75,75,75,60,405
Yungoos,Normal,Loitering Pokémon,0.4,6,1. Strong Jaw2. StakeoutAdaptability (hidden ability),51,Medium Fast,48,70,30,30,30,45,205
Gumshoos,Normal,Stakeout Pokémon,0.7,14.2,1. Strong Jaw2. StakeoutAdaptability (hidden ability),146,Medium Fast,88,110,60,55,60,45,330
Grubbin,Bug,Larva Pokémon,0.4,4.4,1. Swarm,60,Medium Fast,47,62,45,55,45,46,253
Charjabug,Bug Electric,Battery Pokémon,0.5,10.5,1. Battery,140,Medium Fast,57,82,95,55,75,36,343
Vikavolt,Bug Electric,Stag Beetle Pokémon,1.5,45,1. Levitate,225,Medium Fast,77,70,90,145,75,43,423
Crabrawler,Fighting,Boxing Pokémon,0.6,7,1. Hyper Cutter2. Iron FistAnger Point (hidden ability),68,Medium Fast,47,82,57,42,47,63,291
Crabominable,Fighting Ice,Woolly Crab Pokémon,1.7,180,1. Hyper Cutter2. Iron FistAnger Point (hidden ability),167,Medium Fast,97,132,77,62,67,43,381
Oricorio,Ghost Flying,Dancing Pokémon,0.6,3.4,Dancer,167,Medium Fast,75,70,70,98,70,93,401
Cutiefly,Bug Fairy,Bee Fly Pokémon,0.1,0.2,1. Honey Gather2. Shield DustSweet Veil (hidden ability),61,Medium Fast,40,45,40,55,40,84,264
Ribombee,Bug Fairy,Bee Fly Pokémon,0.2,0.5,1. Honey Gather2. Shield DustSweet Veil (hidden ability),162,Medium Fast,60,55,60,95,70,124,404
Rockruff,Rock,Puppy Pokémon,0.5,9.2,Own Tempo,56,Medium Fast,45,65,40,30,40,60,235
Lycanroc,Rock,Wolf Pokémon,0.8,25,Tough Claws,170,Medium Fast,75,117,65,55,65,110,412
Wishiwashi,Water,Small Fry Pokémon,8.2,78.6,Schooling,217,Fast,45,140,130,140,135,30,575
Mareanie,Poison Water,Brutal Star Pokémon,0.4,8,1. Merciless2. LimberRegenerator (hidden ability),61,Medium Fast,50,53,62,43,52,45,255
Toxapex,Poison Water,Brutal Star Pokémon,0.7,14.5,1. Merciless2. LimberRegenerator (hidden ability),173,Medium Fast,50,63,152,53,142,35,445
Mudbray,Ground,Donkey Pokémon,1,110,1. Own Tempo2. StaminaInner Focus (hidden ability),77,Medium Fast,70,100,70,45,55,45,315
Mudsdale,Ground,Draft Horse Pokémon,2.5,920,1. Own Tempo2. StaminaInner Focus (hidden ability),175,Medium Fast,100,125,100,55,85,35,400
Dewpider,Water Bug,Water Bubble Pokémon,0.3,4,1. Water BubbleWater Absorb (hidden ability),54,Medium Fast,38,40,52,40,72,27,231
Araquanid,Water Bug,Water Bubble Pokémon,1.8,82,1. Water BubbleWater Absorb (hidden ability),159,Medium Fast,68,70,92,50,132,42,386
Fomantis,Grass,Sickle Grass Pokémon,0.3,1.5,1. Leaf GuardContrary (hidden ability),50,Medium Fast,40,55,35,50,35,35,210
Lurantis,Grass,Bloom Sickle Pokémon,0.9,18.5,1. Leaf GuardContrary (hidden ability),168,Medium Fast,70,105,90,80,90,45,410
Morelull,Grass Fairy,Illuminating Pokémon,0.2,1.5,1. Illuminate2. Effect SporeRain Dish (hidden ability),57,Medium Fast,40,35,55,65,75,15,245
Shiinotic,Grass Fairy,Illuminating Pokémon,1,11.5,1. Illuminate2. Effect SporeRain Dish (hidden ability),142,Medium Fast,60,45,80,90,100,30,345
Salandit,Poison Fire,Toxic Lizard Pokémon,0.6,4.8,1. CorrosionOblivious (hidden ability),64,Medium Fast,48,44,40,71,40,77,272
Salazzle,Poison Fire,Toxic Lizard Pokémon,1.2,22.2,1. CorrosionOblivious (hidden ability),168,Medium Fast,68,64,60,111,60,117,412
Stufful,Normal Fighting,Flailing Pokémon,0.5,6.8,1. Fluffy2. KlutzCute Charm (hidden ability),68,Medium Fast,70,75,50,45,50,50,270
Bewear,Normal Fighting,Strong Arm Pokémon,2.1,135,1. Fluffy2. KlutzUnnerve (hidden ability),175,Medium Fast,120,125,80,55,60,60,380
Bounsweet,Grass,Fruit Pokémon,0.3,3.2,1. Leaf Guard2. ObliviousSweet Veil (hidden ability),42,Medium Slow,42,30,38,30,38,32,168
Steenee,Grass,Fruit Pokémon,0.7,8.2,1. Leaf Guard2. ObliviousSweet Veil (hidden ability),102,Medium Slow,52,40,48,40,48,62,238
Tsareena,Grass,Fruit Pokémon,1.2,21.4,1. Leaf Guard2. Queenly MajestySweet Veil (hidden ability),255,Medium Slow,72,120,98,50,98,72,438
Comfey,Fairy,Posy Picker Pokémon,0.1,0.3,1. Flower Veil2. TriageNatural Cure (hidden ability),170,Fast,51,52,90,82,110,100,434
Oranguru,Normal Psychic,Sage Pokémon,1.5,76,1. Inner Focus2. TelepathySymbiosis (hidden ability),172,Slow,90,60,80,90,110,60,400
Passimian,Fighting,Teamwork Pokémon,2,82.8,1. ReceiverDefiant (hidden ability),172,Slow,100,120,90,40,60,80,390
Wimpod,Bug Water,Turn Tail Pokémon,0.5,12,1. Wimp Out,46,Medium Fast,25,35,40,20,30,80,205
Golisopod,Bug Water,Hard Scale Pokémon,2,108,1. Emergency Exit,186,Medium Fast,75,125,140,60,90,40,455
Sandygast,Ghost Ground,Sand Heap Pokémon,0.5,70,1. Water CompactionSand Veil (hidden ability),64,Medium Fast,55,55,80,70,45,15,265
Palossand,Ghost Ground,Sand Castle Pokémon,1.3,250,1. Water CompactionSand Veil (hidden ability),168,Medium Fast,85,75,110,100,75,35,395
Pyukumuku,Water,Sea Cucumber Pokémon,0.3,1.2,1. Innards OutUnaware (hidden ability),144,Fast,55,60,130,30,130,5,355
Silvally,Normal,Synthetic Pokémon,2.3,100.5,1. RKS System,257,Slow,95,95,95,95,95,95,475
Minior,Rock Flying,Meteor Pokémon,0.3,0.3,Shields Down,175,Medium Slow,60,100,60,100,60,120,440
Komala,Normal,Drowsing Pokémon,0.4,19.9,1. Comatose,168,Slow,65,115,65,75,95,65,415
Turtonator,Fire Dragon,Blast Turtle Pokémon,2,212,1. Shell Armor,170,Medium Fast,60,78,135,91,85,36,425
Togedemaru,Electric Steel,Roly-Poly Pokémon,0.3,3.3,1. Iron Barbs2. Lightning RodSturdy (hidden ability),152,Medium Fast,65,98,63,40,73,96,370
Mimikyu,Ghost Fairy,Disguise Pokémon,0.2,0.7,1. Disguise,167,Medium Fast,55,90,80,50,105,96,421
Bruxish,Water Psychic,Gnash Teeth Pokémon,0.9,19,1. Dazzling2. Strong JawWonder Skin (hidden ability),166,Medium Fast,68,105,70,70,70,92,407
Drampa,Normal Dragon,Placid Pokémon,3,185,1. Berserk2. Sap SipperCloud Nine (hidden ability),170,Medium Fast,78,60,85,135,91,36,407
Dhelmise,Ghost Grass,Sea Creeper Pokémon,3.9,210,1. Steelworker,181,Medium Fast,70,131,100,86,90,40,447
Jangmo-o,Dragon,Scaly Pokémon,0.6,29.7,1. Bulletproof2. SoundproofOvercoat (hidden ability),60,Slow,45,55,65,45,45,45,255
Hakamo-o,Dragon Fighting,Scaly Pokémon,1.2,47,1. Bulletproof2. SoundproofOvercoat (hidden ability),147,Slow,55,75,90,65,70,65,365
Kommo-o,Dragon Fighting,Scaly Pokémon,1.6,78.2,1. Bulletproof2. SoundproofOvercoat (hidden ability),270,Slow,75,110,125,100,105,85,525
Tapu Koko,Electric Fairy,Land Spirit Pokémon,1.8,20.5,1. Electric SurgeTelepathy (hidden ability),257,Slow,70,115,85,95,75,130,500
Tapu Lele,Psychic Fairy,Land Spirit Pokémon,1.2,18.6,1. Psychic SurgeTelepathy (hidden ability),257,Slow,70,85,75,130,115,95,500
Tapu Bulu,Grass Fairy,Land Spirit Pokémon,1.9,45.5,1. Grassy SurgeTelepathy (hidden ability),257,Slow,70,130,115,85,95,75,500
Tapu Fini,Water Fairy,Land Spirit Pokémon,1.3,21.2,1. Misty SurgeTelepathy (hidden ability),257,Slow,70,75,115,95,130,85,500
Cosmog,Psychic,Nebula Pokémon,0.2,0.1,1. Unaware,40,Slow,43,29,31,29,31,37,157
Cosmoem,Psychic,Protostar Pokémon,0.1,999.9,1. Sturdy,140,Slow,43,29,131,29,131,37,357
Solgaleo,Psychic Steel,Sunne Pokémon,3.4,230,1. Full Metal Body,306,Slow,137,137,107,113,89,97,543
Lunala,Psychic Ghost,Moone Pokémon,4,120,1. Shadow Shield,306,Slow,137,113,89,137,107,97,543
Nihilego,Rock Poison,Parasite Pokémon,1.2,55.5,1. Beast Boost,257,Slow,109,53,47,127,131,103,461
Buzzwole,Bug Fighting,Swollen Pokémon,2.4,333.6,1. Beast Boost,257,Slow,107,139,139,53,53,79,463
Pheromosa,Bug Fighting,Lissome Pokémon,1.8,25,1. Beast Boost,257,Slow,71,137,37,137,37,151,499
Xurkitree,Electric,Glowing Pokémon,3.8,100,1. Beast Boost,257,Slow,83,89,71,173,71,83,487
Celesteela,Steel Flying,Launch Pokémon,9.2,999.9,1. Beast Boost,257,Slow,97,101,103,107,101,61,473
Kartana,Grass Steel,Drawn Sword Pokémon,0.3,0.1,1. Beast Boost,257,Slow,59,181,131,59,31,109,511
Guzzlord,Dark Dragon,Junkivore Pokémon,5.5,888,1. Beast Boost,257,Slow,223,101,53,97,53,43,347
Necrozma,Psychic Dragon,Prism Pokémon,7.5,230,Neuroforce,339,Slow,97,167,97,167,97,129,657
Magearna,Steel Fairy,Artificial Pokémon,1,80.5,1. Soul-Heart,300,Slow,80,95,115,130,115,65,520
Marshadow,Fighting Ghost,Gloomdweller Pokémon,0.7,22.2,1. Technician,270,Slow,90,125,80,90,90,125,510
Poipole,Poison,Poison Pin Pokémon,0.6,1.8,1. Beast Boost,189,Slow,67,73,67,73,67,73,353
Naganadel,Poison Dragon,Poison Pin Pokémon,3.6,150,1. Beast Boost,243,Slow,73,73,73,127,73,121,467
Stakataka,Rock Steel,Rampart Pokémon,5.5,820,1. Beast Boost,257,Slow,61,131,211,53,101,13,509
Blacephalon,Fire Ghost,Fireworks Pokémon,1.8,13,1. Beast Boost,257,Slow,53,127,53,151,79,107,517
Zeraora,Electric,Thunderclap Pokémon,1.5,44.5,1. Volt Absorb,270,Slow,88,112,75,102,80,143,512
Meltan,Steel,Hex Nut Pokémon,0.2,8,1. Magnet Pull,150,Slow,46,65,65,55,35,34,254
Melmetal,Steel,Hex Nut Pokémon,2.5,800,1. Iron Fist,300,Slow,135,143,143,80,65,34,465
Grookey,Grass,Chimp Pokémon,0.3,5,1. OvergrowGrassy Surge (hidden ability),62,Medium Slow,50,65,50,40,40,65,260
Thwackey,Grass,Beat Pokémon,0.7,14,1. OvergrowGrassy Surge (hidden ability),147,Medium Slow,70,85,70,55,60,80,350
Rillaboom,Grass,Drummer Pokémon,2.1,90,1. OvergrowGrassy Surge (hidden ability),265,Medium Slow,100,125,90,60,70,85,430
Scorbunny,Fire,Rabbit Pokémon,0.3,4.5,1. BlazeLibero (hidden ability),62,Medium Slow,50,71,40,40,40,69,260
Raboot,Fire,Rabbit Pokémon,0.6,9,1. BlazeLibero (hidden ability),147,Medium Slow,65,86,60,55,60,94,355
Cinderace,Fire,Striker Pokémon,1.4,33,1. BlazeLibero (hidden ability),265,Medium Slow,80,116,75,65,75,119,450
Sobble,Water,Water Lizard Pokémon,0.3,4,1. TorrentSniper (hidden ability),62,Medium Slow,50,40,40,70,40,70,260
Drizzile,Water,Water lizard Pokémon,0.7,11.5,1. TorrentSniper (hidden ability),147,Medium Slow,65,60,55,95,55,90,355
Inteleon,Water,Secret Agent Pokémon,1.9,45.2,1. TorrentSniper (hidden ability),265,Medium Slow,70,85,65,125,65,120,460
Skwovet,Normal,Cheeky Pokémon,0.3,2.5,1. Cheek PouchGluttony (hidden ability),55,Medium Fast,70,55,55,35,35,25,205
Greedent,Normal,Greedy Pokémon,0.6,6,1. Cheek PouchGluttony (hidden ability),161,Medium Fast,120,95,95,55,75,20,340
Rookidee,Flying,Tiny Bird Pokémon,0.2,1.8,1. Keen Eye2. UnnerveBig Pecks (hidden ability),49,Medium Slow,38,47,35,33,35,57,207
Corvisquire,Flying,Raven Pokémon,0.8,16,1. Keen Eye2. UnnerveBig Pecks (hidden ability),128,Medium Slow,68,67,55,43,55,77,297
Corviknight,Flying Steel,Raven Pokémon,2.2,75,1. Pressure2. UnnerveMirror Armor (hidden ability),248,Medium Slow,98,87,105,53,85,67,397
Blipbug,Bug,Larva Pokémon,0.4,8,1. Swarm2. Compound EyesTelepathy (hidden ability),36,Medium Fast,25,20,20,25,45,45,155
Dottler,Bug Psychic,Radome Pokémon,0.4,19.5,1. Swarm2. Compound EyesTelepathy (hidden ability),117,Medium Fast,50,35,80,50,90,30,285
Orbeetle,Bug Psychic,Seven Spot Pokémon,0.4,40.8,1. Swarm2. FriskTelepathy (hidden ability),253,Medium Fast,60,45,110,80,120,90,445
Nickit,Dark,Fox Pokémon,0.6,8.9,1. Run Away2. UnburdenStakeout (hidden ability),49,Fast,40,28,28,47,52,50,205
Thievul,Dark,Fox Pokémon,1.2,19.9,1. Run Away2. UnburdenStakeout (hidden ability),159,Fast,70,58,58,87,92,90,385
Gossifleur,Grass,Flowering Pokémon,0.4,2.2,1. Cotton Down2. RegeneratorEffect Spore (hidden ability),50,Medium Fast,40,40,60,40,60,10,210
Eldegoss,Grass,Cotton Bloom Pokémon,0.5,2.5,1. Cotton Down2. RegeneratorEffect Spore (hidden ability),161,Medium Fast,60,50,90,80,120,60,400
Wooloo,Normal,Sheep Pokémon,0.6,6,1. Fluffy2. Run AwayBulletproof (hidden ability),122,Medium Fast,42,40,55,40,45,48,228
Dubwool,Normal,Sheep Pokémon,1.3,43,1. Fluffy2. SteadfastBulletproof (hidden ability),172,Medium Fast,72,80,100,60,90,88,418
Chewtle,Water,Snapping Pokémon,0.3,8.5,1. Strong Jaw2. Shell ArmorSwift Swim (hidden ability),57,Medium Fast,50,64,50,38,38,44,234
Drednaw,Water Rock,Bite Pokémon,1,115.5,1. Strong Jaw2. Shell ArmorSwift Swim (hidden ability),170,Medium Fast,90,115,90,48,68,74,395
Yamper,Electric,Puppy Pokémon,0.3,13.5,1. Ball FetchRattled (hidden ability),54,Fast,59,45,50,40,50,26,211
Boltund,Electric,Dog Pokémon,1,34,1. Strong JawCompetitive (hidden ability),172,Fast,69,90,60,90,60,121,421
Rolycoly,Rock,Coal Pokémon,0.3,12,1. Steam Engine2. HeatproofFlash Fire (hidden ability),48,Medium Slow,30,40,50,40,50,30,210
Carkol,Rock Fire,Coal Pokémon,1.1,78,1. Steam Engine2. Flame BodyFlash Fire (hidden ability),144,Medium Slow,80,60,90,60,70,50,330
Coalossal,Rock Fire,Coal Pokémon,2.8,310.5,1. Steam Engine2. Flame BodyFlash Fire (hidden ability),255,Medium Slow,110,80,120,80,90,30,400
Applin,Grass Dragon,Apple Core Pokémon,0.2,0.5,1. Ripen2. GluttonyBulletproof (hidden ability),52,Erratic,40,40,80,40,40,20,220
Flapple,Grass Dragon,Apple Wing Pokémon,0.3,1,1. Ripen2. GluttonyHustle (hidden ability),170,Erratic,70,110,80,95,60,70,415
Appletun,Grass Dragon,Apple Nectar Pokémon,0.4,13,1. Ripen2. GluttonyThick Fat (hidden ability),170,Erratic,110,85,80,100,80,30,375
Silicobra,Ground,Sand Snake Pokémon,2.2,7.6,1. Sand Spit2. Shed SkinSand Veil (hidden ability),63,Medium Fast,52,57,75,35,50,46,263
Sandaconda,Ground,Sand Snake Pokémon,3.8,65.5,1. Sand Spit2. Shed SkinSand Veil (hidden ability),179,Medium Fast,72,107,125,65,70,71,438
Cramorant,Flying Water,Gulp Pokémon,0.8,18,1. Gulp Missile,166,Medium Fast,70,85,55,85,95,85,405
Arrokuda,Water,Rush Pokémon,0.5,1,1. Swift SwimPropeller Tail (hidden ability),56,Slow,41,63,40,40,30,66,239
Barraskewda,Water,Skewer Pokémon,1.3,30,1. Swift SwimPropeller Tail (hidden ability),172,Slow,61,123,60,60,50,136,429
Toxel,Electric Poison,Baby Pokémon,0.4,11,1. Rattled2. StaticKlutz (hidden ability),48,Medium Slow,40,38,35,54,35,40,202
Toxtricity,Electric Poison,Punk Pokémon,1.6,40,Punk Rock Minus Technician,176,Medium Slow,75,98,70,114,70,75,427
Sizzlipede,Fire Bug,Radiator Pokémon,0.7,1,1. Flash Fire2. White SmokeFlame Body (hidden ability),61,Medium Fast,50,65,45,50,50,45,255
Centiskorch,Fire Bug,Radiator Pokémon,3,120,1. Flash Fire2. White SmokeFlame Body (hidden ability),184,Medium Fast,100,115,65,90,90,65,425
Clobbopus,Fighting,Tantrum Pokémon,0.6,4,1. LimberTechnician (hidden ability),62,Medium Slow,50,68,60,50,50,32,260
Grapploct,Fighting,Tantrum Pokémon,1.6,39,1. LimberTechnician (hidden ability),168,Medium Slow,80,118,90,70,80,42,400
Sinistea,Ghost,Black Tea Pokémon,0.1,0.2,1. Weak ArmorCursed Body (hidden ability),62,Medium Fast,40,45,45,74,54,50,268
Polteageist,Ghost,Black Tea Pokémon,0.2,0.4,1. Weak ArmorCursed Body (hidden ability),178,Medium Fast,60,65,65,134,114,70,448
Hatenna,Psychic,Calm Pokémon,0.4,3.4,1. Healer2. AnticipationMagic Bounce (hidden ability),53,Slow,42,30,45,56,53,39,223
Hattrem,Psychic,Serene Pokémon,0.6,4.8,1. Healer2. AnticipationMagic Bounce (hidden ability),130,Slow,57,40,65,86,73,49,313
Hatterene,Psychic Fairy,Silent Pokémon,2.1,5.1,1. Healer2. AnticipationMagic Bounce (hidden ability),255,Slow,57,90,95,136,103,29,453
Impidimp,Dark Fairy,Wily Pokémon,0.4,5.5,1. Prankster2. FriskPickpocket (hidden ability),53,Medium Fast,45,45,30,55,40,50,220
Morgrem,Dark Fairy,Devious Pokémon,0.8,12.5,1. Prankster2. FriskPickpocket (hidden ability),130,Medium Fast,65,60,45,75,55,70,305
Grimmsnarl,Dark Fairy,Bulk Up Pokémon,1.5,61,1. Prankster2. FriskPickpocket (hidden ability),255,Medium Fast,95,120,65,95,75,60,415
Obstagoon,Dark Normal,Blocking Pokémon,1.6,46,1. Reckless2. GutsDefiant (hidden ability),260,Medium Fast,93,90,101,60,81,95,427
Perrserker,Steel,Viking Pokémon,0.8,28,1. Battle Armor2. Tough ClawsSteely Spirit (hidden ability),154,Medium Fast,70,110,100,50,60,50,370
Cursola,Ghost,Coral Pokémon,1,0.4,1. Weak ArmorPerish Body (hidden ability),179,Fast,60,95,50,145,130,30,450
Runerigus,Ground Ghost,Grudge Pokémon,1.6,66.6,1. Wandering Spirit,169,Medium Fast,58,95,145,50,105,30,425
Milcery,Fairy,Cream Pokémon,0.2,0.3,1. Sweet VeilAroma Veil (hidden ability),54,Medium Fast,45,40,40,50,61,34,225
Alcremie,Fairy,Cream Pokémon,0.3,0.5,1. Sweet VeilAroma Veil (hidden ability),173,Medium Fast,65,60,75,110,121,64,430
Falinks,Fighting,Formation Pokémon,3,62,1. Battle ArmorDefiant (hidden ability),165,Medium Fast,65,100,100,70,60,75,405
Pincurchin,Electric,Sea Urchin Pokémon,0.3,1,1. Lightning RodElectric Surge (hidden ability),152,Medium Fast,48,101,95,91,85,15,387
Snom,Ice Bug,Worm Pokémon,0.3,3.8,1. Shield DustIce Scales (hidden ability),37,Medium Fast,30,25,35,45,30,20,155
Frosmoth,Ice Bug,Frost Moth Pokémon,1.3,42,1. Shield DustIce Scales (hidden ability),166,Medium Fast,70,65,60,125,90,65,405
Stonjourner,Rock,Big Rock Pokémon,2.5,520,1. Power Spot,165,Slow,100,125,135,20,20,70,370
Eiscue,Ice,Penguin Pokémon,1.4,89,Ice Face,165,Slow,75,80,70,65,50,130,395
Indeedee,Psychic Normal,Emotion Pokémon,0.9,28,Own Tempo Synchronize Psychic Surge,166,Fast,70,55,65,95,105,85,405
Morpeko,Electric Dark,Two-Sided Pokémon,0.3,3,Hunger Switch,153,Medium Fast,58,95,58,70,58,97,378
Cufant,Steel,Copperderm Pokémon,1.2,100,1. Sheer ForceHeavy Metal (hidden ability),66,Medium Fast,72,80,49,40,49,40,258
Copperajah,Steel,Copperderm Pokémon,3,650,1. Sheer ForceHeavy Metal (hidden ability),175,Medium Fast,122,130,69,80,69,30,378
Dracozolt,Electric Dragon,Fossil Pokémon,1.8,190,1. Volt Absorb2. HustleSand Rush (hidden ability),177,Slow,90,100,90,80,70,75,415
Arctozolt,Electric Ice,Fossil Pokémon,2.3,150,1. Volt Absorb2. StaticSlush Rush (hidden ability),177,Slow,90,100,90,90,80,55,415
Dracovish,Water Dragon,Fossil Pokémon,2.3,215,1. Water Absorb2. Strong JawSand Rush (hidden ability),177,Slow,90,90,100,70,80,75,415
Arctovish,Water Ice,Fossil Pokémon,2,175,1. Water Absorb2. Ice BodySlush Rush (hidden ability),177,Slow,90,90,100,80,90,55,415
Duraludon,Steel Dragon,Alloy Pokémon,1.8,40,1. Light Metal2. Heavy MetalStalwart (hidden ability),187,Medium Fast,70,95,115,120,50,85,465
Dreepy,Dragon Ghost,Lingering Pokémon,0.5,2,1. Clear Body2. InfiltratorCursed Body (hidden ability),54,Slow,28,60,30,40,30,82,242
Drakloak,Dragon Ghost,Caretaker Pokémon,1.4,11,1. Clear Body2. InfiltratorCursed Body (hidden ability),144,Slow,68,80,50,60,50,102,342
Dragapult,Dragon Ghost,Stealth Pokémon,3,50,1. Clear Body2. InfiltratorCursed Body (hidden ability),300,Slow,88,120,75,100,75,142,512
Zacian,Fairy Steel,Warrior Pokémon,2.8,355,Intrepid Sword,350,Slow,92,150,115,80,115,148,608
Zamazenta,Fighting Steel,Warrior Pokémon,2.9,785,Dauntless Shield,350,Slow,92,120,140,80,140,128,608
Eternatus,Poison Dragon,Gigantic Pokémon,100,950,Pressure,563,Slow,255,115,250,125,250,130,870
Kubfu,Fighting,Wushu Pokémon,0.6,12,1. Inner Focus,77,Slow,60,90,60,53,50,72,325
Urshifu,Fighting Water,Wushu Pokémon,1.9,105,Unseen Fist,275,Slow,100,130,100,63,60,97,450
Zarude,Dark Grass,Rogue Monkey Pokémon,1.8,70,1. Leaf Guard,300,Slow,105,120,105,70,95,105,495
Regieleki,Electric,Electron Pokémon,1.2,145,1. Transistor,290,Slow,80,100,50,100,50,200,500
Regidrago,Dragon,Dragon Orb Pokémon,2.1,200,1. Dragon's Maw,290,Slow,200,100,50,100,50,80,380
Glastrier,Ice,Wild Horse Pokémon,2.2,800,1. Chilling Neigh,290,Slow,100,145,130,65,110,30,480
Spectrier,Ghost,Swift Horse Pokémon,2,44.5,1. Grim Neigh,290,Slow,100,65,60,145,80,130,480
Calyrex,Psychic Ghost,High King Pokémon,2.4,53.6,As One,340,Slow,100,85,80,165,100,150,580
Wyrdeer,Normal Psychic,Big Horn Pokémon,1.8,95.1,1. Intimidate2. FriskSap Sipper (hidden ability),263,Slow,103,105,72,105,75,65,422
Kleavor,Bug Rock,Axe Pokémon,1.8,89,1. Swarm2. Sheer ForceSharpness (hidden ability),175,Medium Fast,70,135,95,45,70,85,430
Ursaluna,Ground Normal,Peat Pokémon,2.7,333,Mind's Eye,275,Medium Fast,113,70,120,135,65,52,442
Basculegion,Water Ghost,Big Fish Pokémon,3,110,Swift Swim Adaptability Mold Breaker,265,Medium Fast,120,92,65,100,75,78,410
Sneasler,Fighting Poison,Free Climb Pokémon,1.3,43,1. Pressure2. UnburdenPoison Touch (hidden ability),102,Medium Slow,80,130,60,40,80,120,430
Overqwil,Dark Poison,Pin Cluster Pokémon,2.5,60.5,1. Poison Point2. Swift SwimIntimidate (hidden ability),179,Medium Fast,85,115,95,65,65,85,425
Enamorus,Fairy Flying,Love-Hate Pokémon,1.6,48,Overcoat,116,Slow,74,115,110,135,100,46,506
Sprigatito,Grass,Grass Cat Pokémon,0.4,4.1,1. OvergrowProtean (hidden ability),62,Medium Slow,40,61,54,45,45,65,270
Floragato,Grass,Grass Cat Pokémon,0.9,12.2,1. OvergrowProtean (hidden ability),144,Medium Slow,61,80,63,60,63,83,349
Meowscarada,Grass Dark,Magician Pokémon,1.5,31.2,1. OvergrowProtean (hidden ability),265,Medium Slow,76,110,70,81,70,123,454
Fuecoco,Fire,Fire Croc Pokémon,0.4,9.8,1. BlazeUnaware (hidden ability),62,Medium Slow,67,45,59,63,40,36,243
Crocalor,Fire,Fire Croc Pokémon,1,30.7,1. BlazeUnaware (hidden ability),144,Medium Slow,81,55,78,90,58,49,330
Skeledirge,Fire Ghost,Singer Pokémon,1.6,326.5,1. BlazeUnaware (hidden ability),265,Medium Slow,104,75,100,110,75,66,426
Quaxly,Water,Duckling Pokémon,0.5,6.1,1. TorrentMoxie (hidden ability),62,Medium Slow,55,65,45,50,45,50,255
Quaxwell,Water,Practicing Pokémon,1.2,21.5,1. TorrentMoxie (hidden ability),144,Medium Slow,70,85,65,65,60,65,340
Quaquaval,Water Fighting,Dancer Pokémon,1.8,61.9,1. TorrentMoxie (hidden ability),265,Medium Slow,85,120,80,85,75,85,445
Lechonk,Normal,Hog Pokémon,0.5,10.2,1. Aroma Veil2. GluttonyThick Fat (hidden ability),51,Medium Fast,54,45,40,35,45,35,200
Oinkologne,Normal,Hog Pokémon,1,120,Aroma Veil Gluttony Thick Fat,171,Medium Fast,115,90,70,59,90,65,374
Tarountula,Bug,String Ball Pokémon,0.3,4,1. InsomniaStakeout (hidden ability),42,Erratic,35,41,45,29,40,20,175
Spidops,Bug,Trap Pokémon,1,16.5,1. InsomniaStakeout (hidden ability),141,Erratic,60,79,92,52,86,35,344
Nymble,Bug,Grasshopper Pokémon,0.2,1,1. SwarmTinted Lens (hidden ability),42,Medium Fast,33,46,40,21,25,45,177
Lokix,Bug Dark,Grasshopper Pokémon,1,17.5,1. SwarmTinted Lens (hidden ability),158,Medium Fast,71,102,78,52,55,92,379
Pawmi,Electric,Mouse Pokémon,0.3,2.5,1. Static2. Natural CureIron Fist (hidden ability),48,Medium Fast,45,50,20,40,25,60,195
Pawmo,Electric Fighting,Mouse Pokémon,0.4,6.5,1. Volt Absorb2. Natural CureIron Fist (hidden ability),123,Medium Fast,60,75,40,50,40,85,290
Pawmot,Electric Fighting,Hands-On Pokémon,0.9,41,1. Volt Absorb2. Natural CureIron Fist (hidden ability),245,Medium Fast,70,115,70,70,60,105,420
Tandemaus,Normal,Couple Pokémon,0.3,1.8,1. Run Away2. PickupOwn Tempo (hidden ability),61,Fast,50,50,45,40,45,75,255
Maushold,Normal,Family Pokémon,0.3,2.3,Friend Guard Cheek Pouch Technician,165,Fast,74,75,70,65,75,111,396
Fidough,Fairy,Puppy Pokémon,0.3,10.9,1. Own TempoKlutz (hidden ability),62,Medium Slow,37,55,70,30,55,65,275
Dachsbun,Fairy,Dog Pokémon,0.5,14.9,1. Well-Baked BodyAroma Veil (hidden ability),167,Medium Slow,57,80,115,50,80,95,420
Smoliv,Grass Normal,Olive Pokémon,0.3,6.5,1. Early BirdHarvest (hidden ability),52,Medium Slow,41,35,45,58,51,30,219
Dolliv,Grass Normal,Olive Pokémon,0.6,11.9,1. Early BirdHarvest (hidden ability),124,Medium Slow,52,53,60,78,78,33,302
Arboliva,Grass Normal,Olive Pokémon,1.4,48.2,1. Seed SowerHarvest (hidden ability),255,Medium Slow,78,69,90,125,109,39,432
Squawkabilly,Normal Flying,Parrot Pokémon,0.6,2.4,Intimidate Hustle Sheer Force,146,Erratic,82,96,51,45,51,92,335
Nacli,Rock,Rock Salt Pokémon,0.4,16,1. Purifying Salt2. SturdyClear Body (hidden ability),56,Medium Slow,55,55,75,35,35,25,225
Naclstack,Rock,Rock Salt Pokémon,0.6,105,1. Purifying Salt2. SturdyClear Body (hidden ability),124,Medium Slow,60,60,100,35,65,35,295
Garganacl,Rock,Rock Salt Pokémon,2.3,240,1. Purifying Salt2. SturdyClear Body (hidden ability),250,Medium Slow,100,100,130,45,90,35,400
Charcadet,Fire,Fire Child Pokémon,0.6,10.5,1. Flash FireFlame Body (hidden ability),51,Slow,40,50,40,50,40,35,215
Armarouge,Fire Psychic,Fire Warrior Pokémon,1.5,85,1. Flash FireWeak Armor (hidden ability),263,Slow,85,60,100,125,80,75,440
Ceruledge,Fire Ghost,Fire Blades Pokémon,1.6,62,1. Flash FireWeak Armor (hidden ability),263,Slow,75,125,80,60,100,85,450
Tadbulb,Electric,EleTadpole Pokémon,0.3,0.4,1. Own Tempo2. StaticDamp (hidden ability),54,Medium Fast,61,31,41,59,35,45,211
Bellibolt,Electric,EleFrog Pokémon,1.2,113,1. Electromorphosis2. StaticDamp (hidden ability),173,Medium Fast,109,64,91,103,83,45,386
Wattrel,Electric Flying,Storm Petrel Pokémon,0.4,3.6,1. Wind Power2. Volt AbsorbCompetitive (hidden ability),56,Medium Slow,40,40,35,55,40,70,240
Kilowattrel,Electric Flying,Frigatebird Pokémon,1.4,38.6,1. Wind Power2. Volt AbsorbCompetitive (hidden ability),172,Medium Slow,70,70,60,105,60,125,420
Maschiff,Dark,Rascal Pokémon,0.5,16,1. Intimidate2. Run AwayStakeout (hidden ability),68,Medium Slow,60,78,60,40,51,51,280
Mabosstiff,Dark,Boss Pokémon,1.1,61,1. Intimidate2. Guard DogStakeout (hidden ability),177,Medium Slow,80,120,90,60,70,85,425
Shroodle,Poison Normal,Toxic Mouse Pokémon,0.2,0.7,1. Unburden2. PickpocketPrankster (hidden ability),58,Medium Slow,40,65,35,40,35,75,250
Grafaiai,Poison Normal,Toxic Monkey Pokémon,0.7,27.2,1. Unburden2. Poison TouchPrankster (hidden ability),170,Medium Slow,63,95,65,80,72,110,422
Bramblin,Grass Ghost,Tumbleweed Pokémon,0.6,0.6,1. Wind RiderInfiltrator (hidden ability),55,Medium Fast,40,65,30,45,35,60,235
Brambleghast,Grass Ghost,Tumbleweed Pokémon,1.2,6,1. Wind RiderInfiltrator (hidden ability),168,Medium Fast,55,115,70,80,70,90,425
Toedscool,Ground Grass,Woodear Pokémon,0.9,33,1. Mycelium Might,67,Medium Slow,40,40,35,50,100,70,295
Toedscruel,Ground Grass,Woodear Pokémon,1.9,58,1. Mycelium Might,180,Medium Slow,80,70,65,80,120,100,435
Klawf,Rock,Ambush Pokémon,1.3,79,1. Anger Shell2. Shell ArmorRegenerator (hidden ability),158,Medium Fast,70,100,115,35,55,75,380
Capsakid,Grass,Spicy Pepper Pokémon,0.3,3,1. Chlorophyll2. InsomniaKlutz (hidden ability),61,Medium Fast,50,62,40,62,40,50,254
Scovillain,Grass Fire,Spicy Pepper Pokémon,0.9,15,1. Chlorophyll2. InsomniaMoody (hidden ability),170,Medium Fast,65,108,65,108,65,75,421
Rellor,Bug,Rolling Pokémon,0.2,1,1. Compound EyesShed Skin (hidden ability),54,Fast,41,50,60,31,58,30,229
Rabsca,Bug Psychic,Rolling Pokémon,0.3,3.5,1. SynchronizeTelepathy (hidden ability),165,Fast,75,50,85,115,100,45,395
Flittle,Psychic,Frill Pokémon,0.2,1.5,1. Anticipation2. FriskSpeed Boost (hidden ability),51,Medium Slow,30,35,30,55,30,75,225
Espathra,Psychic,Ostrich Pokémon,1.9,90,1. Opportunist2. FriskSpeed Boost (hidden ability),168,Medium Slow,95,60,60,101,60,105,386
Tinkatink,Fairy Steel,Metalsmith Pokémon,0.4,8.9,1. Mold Breaker2. Own TempoPickpocket (hidden ability),59,Medium Slow,50,45,45,35,64,58,247
Tinkatuff,Fairy Steel,Hammer Pokémon,0.7,59.1,1. Mold Breaker2. Own TempoPickpocket (hidden ability),133,Medium Slow,65,55,55,45,82,78,315
Tinkaton,Fairy Steel,Hammer Pokémon,0.7,112.8,1. Mold Breaker2. Own TempoPickpocket (hidden ability),253,Medium Slow,85,75,77,70,105,94,421
Wiglett,Water,Garden Eel Pokémon,1.2,1.8,1. Gooey2. RattledSand Veil (hidden ability),49,Medium Fast,10,55,25,35,25,95,235
Wugtrio,Water,Garden Eel Pokémon,1.2,5.4,1. Gooey2. RattledSand Veil (hidden ability),149,Medium Fast,35,100,50,50,70,120,390
Bombirdier,Flying Dark,Item Drop Pokémon,1.5,42.9,1. Big Pecks2. Keen EyeRocky Payload (hidden ability),243,Slow,70,103,85,60,85,82,415
Finizen,Water,Dolphin Pokémon,1.3,60.2,1. Water Veil,63,Slow,70,45,40,45,40,75,245
Palafin,Water,Hero Pokémon,1.8,97.4,Zero to Hero,228,Slow,100,160,97,106,87,100,550
Varoom,Steel Poison,Single-Cyl Pokémon,1,35,1. OvercoatSlow Start (hidden ability),60,Medium Fast,45,70,63,30,45,47,255
Revavroom,Steel Poison,Multi-Cyl Pokémon,1.8,120,1. OvercoatFilter (hidden ability),175,Medium Fast,80,119,90,54,67,90,420
Cyclizar,Dragon Normal,Mount Pokémon,1.6,63,1. Shed SkinRegenerator (hidden ability),175,Medium Slow,70,95,65,85,65,121,431
Orthworm,Steel,Earthworm Pokémon,2.5,310,1. Earth EaterSand Veil (hidden ability),240,Slow,70,85,145,60,55,65,410
Glimmet,Rock Poison,Ore Pokémon,0.7,8,1. Toxic DebrisCorrosion (hidden ability),70,Medium Slow,48,35,42,105,60,60,302
Glimmora,Rock Poison,Ore Pokémon,1.5,45,1. Toxic DebrisCorrosion (hidden ability),184,Medium Slow,83,55,90,130,81,86,442
Greavard,Ghost,Ghost Dog Pokémon,0.6,35,1. PickupFluffy (hidden ability),58,Medium Slow,50,61,60,30,55,34,240
Houndstone,Ghost,Ghost Dog Pokémon,2,15,1. Sand RushFluffy (hidden ability),171,Medium Slow,72,101,100,50,97,68,416
Flamigo,Flying Fighting,Synchronize Pokémon,1.6,37,1. Scrappy2. Tangled FeetCostar (hidden ability),175,Medium Slow,82,115,74,75,64,90,418
Cetoddle,Ice,Terra Whale Pokémon,1.2,45,1. Thick Fat2. Snow CloakSheer Force (hidden ability),67,Medium Slow,108,68,45,30,40,43,226
Cetitan,Ice,Terra Whale Pokémon,4.5,700,1. Thick Fat2. Slush RushSheer Force (hidden ability),182,Medium Slow,170,113,65,45,55,73,351
Veluza,Water Psychic,Jettison Pokémon,2.5,90,1. Mold BreakerSharpness (hidden ability),167,Fast,90,102,73,78,65,70,388
Dondozo,Water,Big Catfish Pokémon,12,220,1. Unaware2. ObliviousWater Veil (hidden ability),265,Slow,150,100,115,65,65,35,380
Tatsugiri,Dragon Water,Mimicry Pokémon,0.3,8,Commander,166,Medium Slow,68,50,60,120,95,82,407
Annihilape,Fighting Ghost,Rage Monkey Pokémon,1.2,56,1. Vital Spirit2. Inner FocusDefiant (hidden ability),268,Medium Fast,110,115,80,50,90,90,425
Clodsire,Poison Ground,Spiny Fish Pokémon,1.8,223,1. Poison Point2. Water AbsorbUnaware (hidden ability),151,Medium Fast,130,75,60,45,100,20,300
Farigiraf,Normal Psychic,Long Neck Pokémon,3.2,160,1. Cud Chew2. Armor TailSap Sipper (hidden ability),260,Medium Fast,120,90,70,110,70,60,400
Dudunsparce,Normal,Land Snake Pokémon,4.5,47.4,Serene Grace Run Away Rattled,182,Medium Fast,125,100,80,85,75,55,395
Kingambit,Dark Steel,Big Blade Pokémon,2,120,1. Defiant2. Supreme OverlordPressure (hidden ability),275,Medium Fast,100,135,120,60,85,50,450
Great Tusk,Ground Fighting,Paradox Pokémon,2.2,320,1. Protosynthesis,285,Slow,115,131,131,53,53,87,455
Scream Tail,Fairy Psychic,Paradox Pokémon,1.2,8,1. Protosynthesis,285,Slow,115,65,99,65,115,111,455
Brute Bonnet,Grass Dark,Paradox Pokémon,1.2,21,1. Protosynthesis,285,Slow,111,127,99,79,99,55,459
Flutter Mane,Ghost Fairy,Paradox Pokémon,1.4,4,1. Protosynthesis,285,Slow,55,55,55,135,135,135,515
Slither Wing,Bug Fighting,Paradox Pokémon,3.2,92,1. Protosynthesis,285,Slow,85,135,79,85,105,81,485
Sandy Shocks,Electric Ground,Paradox Pokémon,2.3,60,1. Protosynthesis,285,Slow,85,81,97,121,85,101,485
Iron Treads,Ground Steel,Paradox Pokémon,0.9,240,1. Quark Drive,285,Slow,90,112,120,72,70,106,480
Iron Bundle,Ice Water,Paradox Pokémon,0.6,11,1. Quark Drive,285,Slow,56,80,114,124,60,136,514
Iron Hands,Fighting Electric,Paradox Pokémon,1.8,380.7,1. Quark Drive,285,Slow,154,140,108,50,68,50,416
Iron Jugulis,Dark Flying,Paradox Pokémon,1.3,111,1. Quark Drive,285,Slow,94,80,86,122,80,108,476
Iron Moth,Fire Poison,Paradox Pokémon,1.2,36,1. Quark Drive,285,Slow,80,70,60,140,110,110,490
Iron Thorns,Rock Electric,Paradox Pokémon,1.6,303,1. Quark Drive,285,Slow,100,134,110,70,84,72,470
Frigibax,Dragon Ice,Ice Fin Pokémon,0.5,17,1. Thermal ExchangeIce Body (hidden ability),64,Slow,65,75,45,35,45,55,255
Arctibax,Dragon Ice,Ice Fin Pokémon,0.8,30,1. Thermal ExchangeIce Body (hidden ability),148,Slow,90,95,66,45,65,62,333
Baxcalibur,Dragon Ice,Ice Dragon Pokémon,2.1,210,1. Thermal ExchangeIce Body (hidden ability),300,Slow,115,145,92,75,86,87,485
Gimmighoul,Ghost,Coin Hunter Pokémon,0.1,0.1,Run Away,60,Slow,45,30,25,75,45,80,255
Gholdengo,Steel Ghost,Coin Entity Pokémon,1.2,30,1. Good as Gold,275,Slow,87,60,95,133,91,84,463
Wo-Chien,Dark Grass,Ruinous Pokémon,1.5,74.2,1. Tablets of Ruin,285,Slow,85,85,100,95,135,70,485
Chien-Pao,Dark Ice,Ruinous Pokémon,1.9,152.2,1. Sword of Ruin,285,Slow,80,120,80,90,65,135,490
Ting-Lu,Dark Ground,Ruinous Pokémon,2.7,699.7,1. Vessel of Ruin,285,Slow,155,110,125,55,80,45,415
Chi-Yu,Dark Fire,Ruinous Pokémon,0.4,4.9,1. Beads of Ruin,285,Slow,55,80,80,135,120,100,515
Roaring Moon,Dragon Dark,Paradox Pokémon,2,380,1. Protosynthesis,295,Slow,105,139,71,55,101,119,485
Iron Valiant,Fairy Fighting,Paradox Pokémon,1.4,35,1. Quark Drive,295,Slow,74,130,90,120,60,116,516
Koraidon,Fighting Dragon,Paradox Pokémon,2.5,303,1. Orichalcum Pulse,335,Slow,100,135,115,85,100,135,570
Miraidon,Electric Dragon,Paradox Pokémon,3.5,240,1. Hadron Engine,335,Slow,100,85,100,135,115,135,570
Walking Wake,Water Dragon,Paradox Pokémon,3.5,280,1. Protosynthesis,0,Slow,99,83,91,125,83,109,491
Iron Leaves,Grass Psychic,Paradox Pokémon,1.5,125,1. Quark Drive,0,Slow,90,130,88,70,108,104,500
Dipplin,Grass Dragon,Candy Apple Pokémon,0.4,4.4,1. Supersweet Syrup2. GluttonySticky Hold (hidden ability),0,Erratic,80,80,110,95,80,40,405
Poltchageist,Grass Ghost,Matcha Pokémon,0.1,1.1,1. HospitalityHeatproof (hidden ability),0,Medium Fast,40,45,45,74,54,50,268
Sinistcha,Grass Ghost,Matcha Pokémon,0.2,2.2,1. HospitalityHeatproof (hidden ability),0,Medium Fast,71,60,106,121,80,70,437
Okidogi,Poison Fighting,Retainer Pokémon,1.8,92,1. Toxic ChainGuard Dog (hidden ability),0,Slow,88,128,115,58,86,80,467
Munkidori,Poison Psychic,Retainer Pokémon,1,12.2,1. Toxic ChainFrisk (hidden ability),0,Slow,88,75,66,130,90,106,467
Fezandipiti,Poison Fairy,Retainer Pokémon,1.4,30.1,1. Toxic ChainTechnician (hidden ability),0,Slow,88,91,82,70,125,99,467
Ogerpon,Grass Rock,Mask Pokémon,1.2,39.8,Sturdy Embody Aspect,0,Slow,80,120,84,60,96,110,470
Archaludon,Steel Dragon,Alloy Pokémon,2,60,1. Stamina2. SturdyStalwart (hidden ability),0,Medium Fast,90,105,130,125,65,85,510
Hydrapple,Grass Dragon,—,1.8,93,1. Supersweet Syrup2. RegeneratorSticky Hold (hidden ability),0,Erratic,106,80,110,120,80,44,434
Gouging Fire,Fire Dragon,Paradox Pokémon,3.5,590,1. Protosynthesis,0,Slow,105,115,121,65,93,91,485
Raging Bolt,Electric Dragon,Paradox Pokémon,5.2,480,1. Protosynthesis,0,Slow,125,73,91,137,89,75,465
Iron Boulder,Rock Psychic,Paradox Pokémon,1.5,162.5,1. Quark Drive,0,Slow,90,120,80,68,108,124,500
Iron Crown,Steel Psychic,Paradox Pokémon,1.6,156,1. Quark Drive,0,Slow,90,72,100,122,108,98,500
Terapagos,Normal,Tera Pokémon,1.7,77,Teraform Zero,0,Slow,160,105,110,130,110,85,540
Pecharunt,Poison Ghost,Subjugation Pokémon,0.3,0.3,1. Poison Puppeteer,0,Slow,88,88,160,88,88,88,512
